2015-01-12T01:46:07Z,amazon,Kazakhstan,Julia,Alvarez,jalvarez0@imageshack.us,55
2014-11-08T07:58:52Z,linkedin,Canada,Laura,Kelly,lkelly1@lycos.com,46
2015-02-26T00:27:57Z,google,Portugal,Virginia,Barnes,vbarnes2@paginegialle.it,29
2015-01-20T06:29:46Z,amazon,Mexico,Phillip,Washington,pwashington3@disqus.com,39
2015-03-09T06:51:45Z,facebook,Ukraine,Matthew,Gomez,mgomez4@spiegel.de,22
2015-07-13T01:44:53Z,amazon,China,Amy,Wheeler,awheeler5@theglobeandmail.com,51
2015-04-28T13:34:05Z,google,China,Victor,Hernandez,vhernandez6@google.com.br,20
2015-04-20T03:34:40Z,amazon,France,Katherine,Montgomery,kmontgomery7@youtube.com,28
2015-01-22T05:53:25Z,apple,Kenya,Linda,Price,lprice8@soundcloud.com,58
2014-08-09T23:33:47Z,facebook,Poland,Karen,Matthews,kmatthews9@icq.com,52
2015-03-25T18:15:11Z,linkedin,Japan,Ruth,Hill,rhilla@imageshack.us,55
2015-06-29T06:04:16Z,google,China,Tammy,Bell,tbellb@mail.ru,50
2015-05-10T07:36:26Z,linkedin,China,Anna,Larson,alarsonc@yellowpages.com,60
2014-10-20T17:09:28Z,amazon,Spain,Barbara,Snyder,bsnyderd@skyrock.com,27
2015-05-30T10:11:30Z,apple,Russia,Arthur,Cooper,acoopere@privacy.gov.au,51
2015-06-10T20:21:35Z,facebook,Portugal,Alice,Medina,amedinaf@skyrock.com,43
2015-01-07T00:18:16Z,linkedin,Indonesia,Emily,Gonzalez,egonzalezg@yelp.com,40
2015-06-24T12:04:20Z,google,Bangladesh,Susan,Duncan,sduncanh@ftc.gov,52
2014-12-16T08:53:43Z,linkedin,Bolivia,Willie,Ortiz,wortizi@businessinsider.com,38
2015-03-28T11:33:20Z,facebook,Ukraine,George,Medina,gmedinaj@fastcompany.com,60
2015-06-30T05:54:18Z,linkedin,Poland,Patricia,Carr,pcarrk@angelfire.com,38
2015-03-08T06:31:56Z,google,Angola,Joan,Ward,jwardl@1688.com,21
2014-11-20T10:12:36Z,amazon,China,Lisa,Black,lblackm@mayoclinic.com,22
2015-02-21T17:02:43Z,apple,Poland,Richard,Bailey,rbaileyn@wordpress.com,19
2015-04-10T05:22:57Z,google,Brazil,Lillian,Boyd,lboydo@cargocollective.com,22
2014-08-23T03:26:40Z,google,Poland,Beverly,Brown,bbrownp@parallels.com,20
2015-05-23T08:27:11Z,facebook,El Salvador,Ann,Fernandez,afernandezq@vkontakte.ru,59
2015-03-26T20:28:03Z,linkedin,Indonesia,Jose,Wallace,jwallacer@opensource.org,18
2014-11-11T02:26:25Z,facebook,Russia,Michael,Montgomery,mmontgomerys@nymag.com,55
2014-10-11T02:53:45Z,amazon,Russia,Kevin,Green,kgreent@topsy.com,46
2015-07-18T15:08:44Z,linkedin,Poland,Frank,Andrews,fandrewsu@ca.gov,43
2015-04-19T00:00:06Z,facebook,Tunisia,Kathryn,Nguyen,knguyenv@360.cn,21
2014-12-23T03:45:53Z,google,Albania,William,Carroll,wcarrollw@mapy.cz,21
2015-07-22T04:35:01Z,facebook,Azerbaijan,Karen,Pierce,kpiercex@cmu.edu,52
2015-05-22T02:43:15Z,facebook,Portugal,Russell,Dixon,rdixony@amazonaws.com,24
2015-01-09T01:04:12Z,apple,France,Cheryl,Hunter,chunterz@360.cn,53
2015-05-18T21:54:28Z,facebook,Russia,Ronald,Barnes,rbarnes10@ucla.edu,18
2014-11-06T09:28:42Z,facebook,Indonesia,Nicholas,Woods,nwoods11@google.com,35
2015-04-21T04:28:04Z,google,Poland,Elizabeth,Ryan,eryan12@tripod.com,51
2015-03-19T20:04:07Z,google,China,Karen,Foster,kfoster13@dailymail.co.uk,53
2014-10-08T17:17:10Z,linkedin,Japan,Philip,Stephens,pstephens14@ft.com,32
2014-10-28T03:36:45Z,google,China,Daniel,Mills,dmills15@berkeley.edu,32
2015-03-11T05:54:45Z,google,Argentina,Patrick,Lynch,plynch16@apache.org,58
2015-07-19T10:06:36Z,google,Madagascar,Donna,Crawford,dcrawford17@blinklist.com,52
2015-03-08T19:08:18Z,apple,Dominican Republic,Wayne,Gibson,wgibson18@themeforest.net,27
2015-01-25T01:13:08Z,linkedin,Bhutan,Anne,Patterson,apatterson19@cocolog-nifty.com,59
2014-10-20T05:19:17Z,facebook,Brazil,Elizabeth,Harrison,eharrison1a@prlog.org,38
2015-02-24T13:51:33Z,google,China,Amanda,Little,alittle1b@fda.gov,46
2015-03-02T22:35:15Z,facebook,Poland,Donald,Nichols,dnichols1c@unblog.fr,60
2015-01-30T23:51:05Z,apple,Japan,Doris,Walker,dwalker1d@addthis.com,56
2014-08-17T12:02:48Z,amazon,Poland,Donald,Peters,dpeters1e@tmall.com,35
2015-02-21T20:53:49Z,amazon,Ireland,Aaron,Perry,aperry1f@google.ru,59
2015-05-24T17:54:21Z,amazon,Mexico,Christina,Stone,cstone1g@flickr.com,49
2015-07-28T10:24:10Z,linkedin,Ukraine,Brandon,Hernandez,bhernandez1h@blogtalkradio.com,39
2015-06-14T10:12:59Z,facebook,China,Alice,Hunter,ahunter1i@nba.com,19
2015-07-09T21:01:07Z,google,Brazil,Mark,Daniels,mdaniels1j@opera.com,56
2014-11-21T20:04:59Z,amazon,Malaysia,Patrick,Day,pday1k@msn.com,36
2015-02-03T14:04:36Z,apple,Iran,Terry,Parker,tparker1l@cbsnews.com,21
2014-12-01T17:27:55Z,google,Greece,Jose,Flores,jflores1m@w3.org,50
2014-09-25T04:41:57Z,facebook,South Africa,Betty,Banks,bbanks1n@trellian.com,56
2014-08-05T12:36:07Z,google,France,Jack,Scott,jscott1o@earthlink.net,59
2015-05-15T11:18:29Z,google,China,Bonnie,Foster,bfoster1p@tinypic.com,35
2014-08-20T08:13:47Z,linkedin,Russia,Patrick,White,pwhite1q@ovh.net,20
2015-01-01T01:40:09Z,google,Canada,Peter,Robertson,probertson1r@flavors.me,43
2014-11-02T01:25:07Z,amazon,Poland,Lisa,Gibson,lgibson1s@nasa.gov,59
2014-08-22T21:56:36Z,linkedin,U.S. Virgin Islands,Sharon,Austin,saustin1t@nationalgeographic.com,40
2015-02-08T10:41:46Z,google,Indonesia,Doris,Arnold,darnold1u@china.com.cn,26
2015-06-06T21:56:38Z,amazon,Brazil,Nancy,Porter,nporter1v@loc.gov,31
2014-12-23T10:33:34Z,facebook,Palestinian Territory,Karen,Marshall,kmarshall1w@economist.com,36
2014-12-30T15:00:52Z,google,Sweden,Justin,Gonzalez,jgonzalez1x@bigcartel.com,49
2015-06-19T09:23:28Z,amazon,Venezuela,Gloria,Bennett,gbennett1y@globo.com,40
2015-07-14T07:01:11Z,linkedin,Japan,Catherine,Mcdonald,cmcdonald1z@theguardian.com,42
2015-06-04T05:37:32Z,amazon,China,Martin,Howard,mhoward20@ocn.ne.jp,53
2015-03-31T20:53:41Z,linkedin,China,Larry,Kennedy,lkennedy21@tripod.com,25
2015-03-26T01:46:37Z,facebook,Indonesia,Beverly,Phillips,bphillips22@istockphoto.com,52
2015-05-12T03:49:37Z,facebook,Morocco,Margaret,Medina,mmedina23@hud.gov,52
2015-05-06T09:05:07Z,apple,China,Kelly,Mitchell,kmitchell24@businesswire.com,53
2014-09-12T20:21:45Z,amazon,China,Sharon,Tucker,stucker25@washingtonpost.com,28
2014-07-31T03:09:58Z,amazon,Russia,Deborah,Gibson,dgibson26@soup.io,23
2015-02-05T22:11:14Z,google,Kazakhstan,Nicole,Allen,nallen27@vimeo.com,31
2014-09-19T23:05:43Z,apple,United Kingdom,Angela,Nguyen,anguyen28@ihg.com,46
2014-08-21T06:26:59Z,amazon,Finland,Pamela,Weaver,pweaver29@indiatimes.com,49
2015-03-01T19:52:22Z,facebook,Portugal,Janice,Parker,jparker2a@baidu.com,57
2015-05-13T08:57:00Z,amazon,Ecuador,Louise,Perry,lperry2b@chicagotribune.com,48
2015-07-09T09:06:11Z,google,Madagascar,Mark,Fisher,mfisher2c@newsvine.com,43
2014-08-20T04:49:17Z,amazon,Russia,Norma,Stewart,nstewart2d@networkadvertising.org,25
2015-05-30T06:34:15Z,linkedin,Venezuela,Phillip,Graham,pgraham2e@ocn.ne.jp,40
2014-09-14T14:58:09Z,amazon,Micronesia,Elizabeth,Gordon,egordon2f@latimes.com,51
2015-01-22T05:12:19Z,facebook,Philippines,Ruby,Moreno,rmoreno2g@desdev.cn,60
2015-02-01T05:33:46Z,linkedin,China,Willie,Barnes,wbarnes2h@stanford.edu,53
2014-10-06T20:20:47Z,apple,China,Larry,Evans,levans2i@hc360.com,32
2014-09-07T18:50:44Z,google,Uzbekistan,Robin,Wagner,rwagner2j@com.com,31
2015-02-03T00:25:30Z,apple,Uruguay,Christine,Scott,cscott2k@instagram.com,60
2015-02-08T20:20:39Z,facebook,Syria,William,Ortiz,wortiz2l@nhs.uk,24
2014-09-20T01:07:43Z,facebook,China,Lawrence,Wallace,lwallace2m@cafepress.com,20
2015-03-17T15:54:43Z,google,Russia,Barbara,Warren,bwarren2n@arstechnica.com,34
2014-11-05T02:46:02Z,facebook,Nigeria,Heather,Gonzalez,hgonzalez2o@marriott.com,21
2014-10-12T20:51:30Z,apple,Ukraine,Amanda,Jackson,ajackson2p@artisteer.com,50
2015-01-29T16:50:51Z,facebook,Democratic Republic of the Congo,Alice,Elliott,aelliott2q@reference.com,60
2014-08-23T16:16:49Z,amazon,China,Jerry,Burton,jburton2r@marriott.com,28
2014-11-15T16:58:00Z,apple,Angola,Tina,Grant,tgrant2s@artisteer.com,33
2014-09-28T07:10:04Z,facebook,China,Margaret,Hunt,mhunt2t@clickbank.net,39
2014-12-04T16:23:16Z,google,United States,Jennifer,Cole,jcole2u@livejournal.com,35
2014-12-02T01:48:52Z,google,Pakistan,Alice,Reed,areed2v@liveinternet.ru,22
2015-03-13T09:02:37Z,amazon,Thailand,Janice,Barnes,jbarnes2w@berkeley.edu,49
2014-11-13T20:09:11Z,amazon,United States,Sarah,Perry,sperry2x@networksolutions.com,28
2014-08-26T13:25:56Z,apple,Russia,Marie,Sanders,msanders2y@dailymail.co.uk,41
2014-08-13T22:02:51Z,google,Laos,Theresa,Williamson,twilliamson2z@devhub.com,29
2014-11-22T00:23:09Z,google,Finland,Elizabeth,Jackson,ejackson30@soup.io,55
2015-05-22T03:16:28Z,apple,France,Ernest,Burke,eburke31@ning.com,30
2014-08-21T00:35:00Z,facebook,Argentina,Carlos,Hunt,chunt32@spotify.com,47
2015-04-27T05:04:32Z,linkedin,France,Martha,Rice,mrice33@amazonaws.com,25
2015-06-13T02:46:59Z,amazon,Brazil,Cynthia,Jacobs,cjacobs34@last.fm,35
2015-04-18T23:44:57Z,amazon,China,Ronald,Ortiz,rortiz35@addtoany.com,20
2014-09-30T10:40:39Z,facebook,Canada,Diane,Diaz,ddiaz36@cnn.com,50
2015-07-01T18:39:48Z,amazon,Peru,Anthony,Lynch,alynch37@jalbum.net,28
2015-04-18T15:07:26Z,amazon,Philippines,Roger,Ward,rward38@uiuc.edu,57
2014-08-08T00:28:33Z,google,Czech Republic,Carolyn,Ramos,cramos39@hubpages.com,23
2015-02-27T05:30:16Z,linkedin,Myanmar,Jimmy,Reid,jreid3a@flickr.com,24
2014-08-24T03:09:47Z,facebook,Indonesia,Frances,Hudson,fhudson3b@spotify.com,38
2014-09-14T17:53:53Z,apple,Palestinian Territory,Stephanie,Gibson,sgibson3c@harvard.edu,41
2014-10-26T23:44:05Z,linkedin,Indonesia,George,Anderson,ganderson3d@twitter.com,32
2015-03-22T09:58:52Z,amazon,Russia,Patricia,Carr,pcarr3e@guardian.co.uk,27
2015-06-16T01:30:17Z,google,Indonesia,Justin,Rogers,jrogers3f@phoca.cz,52
2015-02-23T18:37:16Z,amazon,Ivory Coast,Donna,Hudson,dhudson3g@chicagotribune.com,50
2015-02-14T20:12:39Z,apple,Indonesia,Kevin,Payne,kpayne3h@sciencedaily.com,21
2015-05-25T22:41:00Z,google,Indonesia,Christina,Hicks,chicks3i@who.int,42
2015-02-25T03:53:00Z,amazon,Syria,Cheryl,Fernandez,cfernandez3j@ted.com,51
2014-11-12T10:58:23Z,google,United States,Joseph,Jones,jjones3k@quantcast.com,46
2014-12-21T06:58:21Z,facebook,Poland,Mary,Davis,mdavis3l@geocities.jp,40
2014-09-07T06:49:47Z,linkedin,Indonesia,Terry,Morrison,tmorrison3m@angelfire.com,38
2015-02-07T21:41:20Z,google,China,Walter,Harris,wharris3n@who.int,41
2014-10-11T15:20:25Z,google,China,Jonathan,Dixon,jdixon3o@baidu.com,47
2015-06-29T07:50:49Z,apple,China,Christine,Davis,cdavis3p@xing.com,34
2015-06-12T02:25:34Z,amazon,Japan,Jacqueline,Bailey,jbailey3q@google.ru,33
2015-06-25T03:34:49Z,amazon,United States,Mildred,Jordan,mjordan3r@skyrock.com,28
2014-10-12T20:44:25Z,google,Indonesia,Lawrence,Fox,lfox3s@europa.eu,42
2014-11-10T05:23:25Z,amazon,Bolivia,Laura,Gibson,lgibson3t@51.la,54
2014-09-24T00:34:19Z,linkedin,Cuba,Frances,Garcia,fgarcia3u@godaddy.com,45
2015-01-21T01:51:57Z,amazon,Russia,Sandra,Stone,sstone3v@microsoft.com,24
2015-05-12T07:45:01Z,facebook,Indonesia,Julia,Schmidt,jschmidt3w@themeforest.net,60
2015-06-01T02:12:12Z,apple,United States,Margaret,Elliott,melliott3x@jugem.jp,29
2015-01-03T09:01:23Z,amazon,Russia,Robin,Cook,rcook3y@dailymotion.com,51
2014-08-30T02:47:51Z,google,Serbia,Howard,Mcdonald,hmcdonald3z@yahoo.co.jp,20
2015-06-22T19:22:59Z,linkedin,Philippines,Alan,Gomez,agomez40@umn.edu,26
2014-08-27T14:08:49Z,amazon,Sweden,Emily,King,eking41@tinypic.com,54
2015-06-28T05:37:39Z,google,Norway,Elizabeth,Berry,eberry42@instagram.com,41
2015-02-12T01:58:36Z,linkedin,Colombia,Jacqueline,Hill,jhill43@reference.com,18
2015-05-21T22:14:43Z,amazon,Costa Rica,Albert,George,ageorge44@arstechnica.com,45
2015-02-09T02:34:51Z,google,Japan,Lawrence,Arnold,larnold45@cyberchimps.com,56
2015-03-26T01:19:17Z,apple,United States,Joshua,Smith,jsmith46@vk.com,41
2015-01-11T19:02:15Z,amazon,Canada,Gary,Howard,ghoward47@oaic.gov.au,43
2014-10-17T17:44:13Z,linkedin,Portugal,Ashley,Scott,ascott48@cnn.com,24
2015-05-19T07:36:46Z,linkedin,Zimbabwe,Carolyn,Garza,cgarza49@tripadvisor.com,21
2014-08-12T02:49:12Z,google,Japan,Louise,Burton,lburton4a@hubpages.com,27
2014-10-07T09:55:14Z,amazon,Brazil,Kathy,Crawford,kcrawford4b@webnode.com,28
2015-02-27T03:34:54Z,google,Russia,Bruce,Mitchell,bmitchell4c@ibm.com,37
2014-09-25T19:37:50Z,google,China,Shawn,Turner,sturner4d@paypal.com,38
2014-10-26T21:36:50Z,facebook,China,Tina,Mcdonald,tmcdonald4e@live.com,33
2014-12-20T17:20:31Z,apple,Uganda,George,Ray,gray4f@list-manage.com,39
2014-09-12T14:39:28Z,amazon,Sweden,Christine,Thomas,cthomas4g@hostgator.com,48
2015-04-16T16:55:42Z,apple,China,Jerry,Ferguson,jferguson4h@macromedia.com,26
2015-06-18T09:25:47Z,google,Indonesia,Willie,Lane,wlane4i@sogou.com,35
2015-02-10T19:49:32Z,google,Greece,Amy,West,awest4j@jimdo.com,54
2014-08-07T13:35:02Z,google,Germany,Johnny,Ward,jward4k@engadget.com,27
2015-05-29T14:42:50Z,google,Portugal,Michael,Cox,mcox4l@reverbnation.com,55
2014-08-04T12:32:32Z,apple,Poland,Jesse,Brown,jbrown4m@answers.com,28
2015-06-29T05:48:28Z,google,Ukraine,Margaret,Ramirez,mramirez4n@eepurl.com,22
2014-11-06T18:56:21Z,facebook,Philippines,Jerry,Reyes,jreyes4o@vimeo.com,56
2014-09-08T20:22:06Z,facebook,Indonesia,Pamela,Long,plong4p@senate.gov,40
2014-09-19T20:26:19Z,apple,China,Katherine,Sanders,ksanders4q@google.ru,57
2015-05-20T06:41:46Z,apple,Ukraine,Wayne,Martin,wmartin4r@nih.gov,45
2014-10-08T00:56:36Z,google,Nigeria,Craig,Ferguson,cferguson4s@sohu.com,21
2015-01-16T02:48:16Z,amazon,Russia,Douglas,Kelley,dkelley4t@google.co.uk,53
2015-07-02T19:09:58Z,apple,Russia,Paul,Miller,pmiller4u@imdb.com,41
2014-08-20T19:19:46Z,linkedin,China,Wanda,Bell,wbell4v@businessinsider.com,60
2015-05-30T00:28:08Z,linkedin,Brazil,Lisa,Holmes,lholmes4w@prnewswire.com,58
2014-10-15T16:31:22Z,facebook,Japan,Jean,Vasquez,jvasquez4x@japanpost.jp,20
2014-11-16T12:12:50Z,facebook,Indonesia,Amanda,Mendoza,amendoza4y@cbsnews.com,48
2015-03-14T18:06:26Z,amazon,Argentina,Jonathan,James,jjames4z@reference.com,60
2015-07-16T19:58:13Z,google,Brazil,Jane,Hernandez,jhernandez50@dyndns.org,37
2015-07-21T21:43:49Z,apple,Kazakhstan,Margaret,Gomez,mgomez51@exblog.jp,35
2015-06-16T04:38:14Z,apple,Indonesia,Henry,Schmidt,hschmidt52@ucoz.ru,37
2015-01-20T08:57:28Z,amazon,China,Patricia,Foster,pfoster53@toplist.cz,18
2014-12-09T16:29:22Z,facebook,Armenia,Phyllis,Thompson,pthompson54@bloglines.com,50
2014-09-08T22:11:11Z,google,Guatemala,Bonnie,Jones,bjones55@globo.com,28
2014-12-11T03:40:00Z,google,China,Dorothy,Butler,dbutler56@weather.com,23
2014-08-06T03:00:07Z,apple,Poland,Jose,Dixon,jdixon57@tinyurl.com,28
2015-01-04T03:57:40Z,google,China,Todd,Richards,trichards58@nationalgeographic.com,39
2015-03-18T13:09:01Z,google,Mexico,Beverly,Montgomery,bmontgomery59@360.cn,19
2014-10-20T16:55:02Z,linkedin,Tunisia,Edward,Jackson,ejackson5a@narod.ru,56
2015-06-27T22:52:38Z,linkedin,Indonesia,Helen,Gomez,hgomez5b@independent.co.uk,51
2014-12-12T15:35:45Z,amazon,Argentina,John,Reed,jreed5c@artisteer.com,33
2015-01-22T06:41:44Z,apple,Peru,Mark,Harvey,mharvey5d@imageshack.us,51
2015-03-29T18:40:11Z,google,Greece,Phillip,Murphy,pmurphy5e@ox.ac.uk,39
2015-02-14T08:22:10Z,facebook,Russia,Nancy,Carroll,ncarroll5f@marriott.com,23
2015-03-29T20:17:26Z,facebook,Philippines,Howard,Howell,hhowell5g@skyrock.com,23
2015-07-20T06:31:12Z,google,Kosovo,Diana,Hansen,dhansen5h@posterous.com,57
2014-12-23T12:31:25Z,google,China,Patrick,Ellis,pellis5i@redcross.org,57
2014-12-01T05:55:07Z,google,Paraguay,Raymond,Rodriguez,rrodriguez5j@about.com,30
2014-10-28T18:47:17Z,linkedin,Mexico,Arthur,Perry,aperry5k@bloglines.com,58
2015-02-22T03:16:17Z,facebook,Colombia,Marilyn,Dixon,mdixon5l@indiegogo.com,28
2014-11-08T13:56:41Z,facebook,Tanzania,Ernest,Dunn,edunn5m@cnet.com,43
2014-08-06T06:17:02Z,amazon,Ukraine,Sarah,Willis,swillis5n@marketwatch.com,42
2015-02-24T04:34:42Z,facebook,Colombia,Denise,Meyer,dmeyer5o@salon.com,35
2015-03-11T05:30:57Z,amazon,Iran,Chris,Stone,cstone5p@bandcamp.com,36
2014-08-02T17:06:17Z,amazon,Portugal,Ashley,Welch,awelch5q@youtube.com,26
2015-01-28T01:10:16Z,amazon,China,Steven,Richardson,srichardson5r@storify.com,41
2015-04-17T13:31:58Z,google,South Africa,Terry,Hansen,thansen5s@deliciousdays.com,32
2015-02-10T11:30:17Z,google,China,Denise,Hicks,dhicks5t@berkeley.edu,55
2014-08-10T21:17:07Z,linkedin,Djibouti,Roger,Anderson,randerson5u@tuttocitta.it,30
2015-01-26T03:12:10Z,facebook,Russia,Scott,Williams,swilliams5v@amazon.de,26
2014-08-22T14:29:02Z,facebook,Brazil,Howard,Sanders,hsanders5w@netvibes.com,35
2014-11-25T18:42:10Z,apple,Ukraine,Ruth,Howard,rhoward5x@ask.com,37
2014-10-19T05:00:15Z,linkedin,Palestinian Territory,Shawn,Dixon,sdixon5y@hubpages.com,40
2015-07-16T15:21:00Z,google,Canada,Kathleen,Marshall,kmarshall5z@wikimedia.org,26
2015-05-05T07:49:19Z,linkedin,Brazil,Sarah,Taylor,staylor60@list-manage.com,56
2015-05-12T00:41:14Z,amazon,Bangladesh,Martin,Dixon,mdixon61@discovery.com,44
2015-02-16T17:58:17Z,linkedin,Honduras,Kelly,Scott,kscott62@blinklist.com,18
2015-04-03T14:56:17Z,google,Portugal,Brian,Simpson,bsimpson63@istockphoto.com,27
2015-05-20T04:45:03Z,apple,Russia,Linda,Collins,lcollins64@networksolutions.com,40
2015-02-08T01:16:35Z,google,Portugal,Carol,Price,cprice65@wsj.com,34
2014-10-23T20:26:38Z,apple,China,Denise,Patterson,dpatterson66@soundcloud.com,30
2015-02-11T19:44:12Z,google,Ecuador,Beverly,Clark,bclark67@businesswire.com,24
2015-07-26T21:43:19Z,apple,Oman,Maria,Walker,mwalker68@icq.com,54
2014-09-28T17:22:50Z,google,Indonesia,Walter,Wright,wwright69@ning.com,49
2015-01-02T12:42:31Z,linkedin,Kazakhstan,Dorothy,Carr,dcarr6a@bloglines.com,32
2015-03-03T17:51:17Z,facebook,China,Amanda,Barnes,abarnes6b@hud.gov,45
2015-07-27T01:18:08Z,linkedin,Poland,Brenda,Howell,bhowell6c@hexun.com,56
2015-04-18T12:43:19Z,linkedin,Norway,Cynthia,Hughes,chughes6d@godaddy.com,25
2014-11-12T21:53:50Z,linkedin,Russia,Michelle,Jenkins,mjenkins6e@unc.edu,46
2015-02-01T21:23:57Z,google,Philippines,Russell,Weaver,rweaver6f@exblog.jp,34
2014-12-10T14:59:14Z,facebook,Thailand,Jeffrey,Mills,jmills6g@who.int,25
2015-01-20T11:26:08Z,google,Russia,Anne,Sims,asims6h@google.ca,33
2014-11-25T00:58:52Z,google,Brazil,Cynthia,Freeman,cfreeman6i@w3.org,20
2014-11-14T21:08:32Z,google,Somalia,Deborah,Pierce,dpierce6j@hp.com,60
2014-09-28T09:14:15Z,facebook,Vietnam,Kathleen,Schmidt,kschmidt6k@t.co,22
2015-06-27T09:55:32Z,amazon,Indonesia,Joshua,Olson,jolson6l@sun.com,52
2015-04-04T12:12:33Z,apple,Peru,William,Dean,wdean6m@ucla.edu,39
2015-07-16T02:46:56Z,linkedin,France,Phillip,Bailey,pbailey6n@fotki.com,50
2015-02-27T14:39:47Z,apple,Mauritius,Jason,Smith,jsmith6o@blogs.com,26
2015-05-07T12:00:02Z,apple,Peru,Jason,Thompson,jthompson6p@answers.com,51
2015-03-27T07:46:21Z,amazon,Indonesia,Earl,Snyder,esnyder6q@addthis.com,43
2014-08-16T16:24:01Z,apple,Mauritius,Carol,Henry,chenry6r@github.io,58
2015-04-25T17:09:29Z,facebook,Peru,Norma,Larson,nlarson6s@latimes.com,30
2014-09-08T23:13:52Z,linkedin,Russia,Donna,Gibson,dgibson6t@skype.com,35
2015-06-29T22:50:45Z,facebook,Ukraine,Christina,Nichols,cnichols6u@acquirethisname.com,36
2015-07-09T06:05:17Z,facebook,China,Andrea,Smith,asmith6v@amazon.com,18
2014-12-19T09:13:41Z,facebook,Russia,Chris,Rivera,crivera6w@foxnews.com,34
2014-12-19T22:22:46Z,google,Togo,Wanda,Black,wblack6x@is.gd,58
2015-04-22T08:29:38Z,linkedin,Philippines,Maria,Shaw,mshaw6y@indiegogo.com,49
2015-02-17T08:54:05Z,apple,Czech Republic,Maria,Rose,mrose6z@shinystat.com,38
2014-08-05T11:57:03Z,facebook,Brazil,Adam,Perry,aperry70@parallels.com,59
2014-07-31T21:51:30Z,apple,Russia,Anne,Mills,amills71@usnews.com,39
2014-11-25T03:30:18Z,google,Indonesia,Chris,Alexander,calexander72@auda.org.au,28
2015-04-30T06:12:31Z,facebook,China,Heather,Carr,hcarr73@hexun.com,24
2015-06-15T09:19:24Z,facebook,Greece,Tammy,Edwards,tedwards74@qq.com,29
2015-07-18T15:27:03Z,amazon,China,Matthew,Ramirez,mramirez75@nydailynews.com,36
2015-02-01T15:10:21Z,apple,Russia,Diane,Peters,dpeters76@acquirethisname.com,21
2014-11-02T05:06:43Z,linkedin,Serbia,Albert,Arnold,aarnold77@blogger.com,39
2014-11-03T23:24:55Z,linkedin,China,Jean,Simmons,jsimmons78@e-recht24.de,53
2014-10-18T23:50:17Z,apple,United States,Gerald,Wagner,gwagner79@wiley.com,31
2015-04-06T19:01:02Z,linkedin,Tanzania,Jeffrey,Bishop,jbishop7a@fastcompany.com,36
2015-04-15T02:30:49Z,google,Brazil,Janet,Matthews,jmatthews7b@huffingtonpost.com,54
2014-10-19T05:09:33Z,google,China,Andrea,Bell,abell7c@i2i.jp,46
2014-10-09T19:13:07Z,google,Portugal,Clarence,Sullivan,csullivan7d@plala.or.jp,35
2015-03-18T21:24:12Z,amazon,Poland,Sean,George,sgeorge7e@linkedin.com,29
2015-02-19T22:29:20Z,apple,Macedonia,Jonathan,Bryant,jbryant7f@digg.com,52
2015-04-30T22:42:31Z,apple,China,Amy,Hunter,ahunter7g@miibeian.gov.cn,23
2015-04-25T20:16:06Z,google,Spain,Aaron,Meyer,ameyer7h@fda.gov,21
2014-09-20T15:00:39Z,facebook,France,Judy,Richards,jrichards7i@sun.com,44
2015-07-29T11:43:44Z,apple,Philippines,Sarah,Duncan,sduncan7j@goo.ne.jp,27
2015-03-19T20:28:18Z,facebook,China,Jimmy,Matthews,jmatthews7k@arizona.edu,40
2015-01-21T12:56:47Z,apple,China,Brenda,Barnes,bbarnes7l@stumbleupon.com,60
2015-01-05T14:05:24Z,google,Philippines,Denise,Cooper,dcooper7m@deliciousdays.com,55
2015-01-21T01:23:23Z,amazon,Czech Republic,Jack,Wells,jwells7n@xinhuanet.com,21
2014-09-02T22:35:23Z,linkedin,China,Shawn,Arnold,sarnold7o@tiny.cc,36
2014-08-09T03:21:37Z,amazon,Palestinian Territory,John,Moore,jmoore7p@indiatimes.com,56
2014-08-30T22:10:08Z,google,China,Julie,Mendoza,jmendoza7q@newyorker.com,20
2015-06-23T23:31:18Z,facebook,Canada,Eugene,Wright,ewright7r@blogspot.com,37
2015-03-13T14:34:49Z,facebook,Israel,Michelle,Knight,mknight7s@sakura.ne.jp,38
2014-12-22T16:09:49Z,linkedin,Russia,Robin,Harrison,rharrison7t@google.pl,49
2015-01-30T10:07:00Z,amazon,Portugal,Michelle,Wallace,mwallace7u@merriam-webster.com,34
2014-09-10T21:33:27Z,google,Azerbaijan,Patrick,Cook,pcook7v@yale.edu,31
2015-02-25T11:19:38Z,google,Honduras,Christine,Marshall,cmarshall7w@latimes.com,42
2014-10-11T00:59:38Z,apple,China,Beverly,Carpenter,bcarpenter7x@eepurl.com,39
2014-08-03T15:39:06Z,facebook,China,Phillip,Miller,pmiller7y@yelp.com,42
2015-02-14T16:29:21Z,apple,Philippines,Bonnie,Mitchell,bmitchell7z@newyorker.com,31
2015-06-13T00:32:11Z,facebook,Palestinian Territory,Christopher,Hicks,chicks80@nhs.uk,58
2014-12-30T04:13:10Z,facebook,Ghana,Nicholas,Myers,nmyers81@aol.com,56
2014-12-28T09:15:31Z,google,Cuba,Heather,Cooper,hcooper82@reddit.com,30
2015-01-17T06:42:22Z,facebook,Russia,Steve,Franklin,sfranklin83@netscape.com,28
2015-06-12T05:43:59Z,amazon,Marshall Islands,Patricia,Hall,phall84@github.io,19
2014-11-21T23:06:57Z,facebook,Poland,Julia,Ortiz,jortiz85@livejournal.com,40
2014-11-24T20:44:38Z,amazon,Mozambique,Sandra,Jackson,sjackson86@comsenz.com,60
2014-11-10T12:24:08Z,amazon,China,Cynthia,Gonzales,cgonzales87@unc.edu,23
2014-10-28T12:25:39Z,facebook,China,Benjamin,Smith,bsmith88@twitpic.com,52
2014-11-28T13:09:30Z,google,China,Harold,Fernandez,hfernandez89@mapy.cz,21
2014-08-06T07:58:41Z,facebook,China,Ruby,Hansen,rhansen8a@bluehost.com,20
2014-10-26T01:15:19Z,facebook,Indonesia,Emily,Peters,epeters8b@google.com,20
2014-10-10T15:33:00Z,google,France,Andrew,Porter,aporter8c@fotki.com,60
2014-10-19T01:00:58Z,linkedin,Brazil,Elizabeth,Hamilton,ehamilton8d@angelfire.com,53
2015-03-30T10:51:48Z,amazon,Canada,Doris,Mills,dmills8e@arstechnica.com,26
2015-06-14T15:04:48Z,linkedin,China,Katherine,Wagner,kwagner8f@cargocollective.com,46
2014-08-31T05:17:07Z,apple,Indonesia,Barbara,Ramos,bramos8g@sun.com,53
2015-05-17T16:28:32Z,linkedin,Syria,Julia,Dean,jdean8h@blogger.com,53
2015-01-27T05:18:30Z,linkedin,Norway,Doris,Richardson,drichardson8i@lulu.com,51
2015-03-11T14:35:21Z,google,Philippines,Timothy,Howell,thowell8j@e-recht24.de,52
2014-12-11T03:01:32Z,apple,United States,Sean,Oliver,soliver8k@epa.gov,43
2015-01-03T01:28:26Z,google,Brazil,Andrew,Spencer,aspencer8l@va.gov,51
2014-11-28T05:34:56Z,apple,Russia,Ryan,Hughes,rhughes8m@bbc.co.uk,31
2015-04-01T14:13:18Z,linkedin,Russia,Brandon,Payne,bpayne8n@ucla.edu,42
2015-07-28T20:34:12Z,apple,Albania,Karen,Holmes,kholmes8o@addthis.com,23
2015-07-08T14:12:33Z,google,Bulgaria,Chris,Peters,cpeters8p@reuters.com,28
2015-04-24T19:41:56Z,linkedin,Russia,Lisa,Warren,lwarren8q@opera.com,54
2015-04-23T00:03:26Z,linkedin,Sweden,Todd,Warren,twarren8r@cmu.edu,52
2014-09-07T05:32:33Z,apple,South Africa,Karen,Fernandez,kfernandez8s@squarespace.com,27
2015-04-25T15:06:29Z,amazon,Portugal,Jessica,Graham,jgraham8t@netlog.com,26
2015-04-10T23:59:14Z,facebook,China,Anna,Meyer,ameyer8u@liveinternet.ru,53
2015-01-17T04:45:25Z,apple,Greece,Donald,James,djames8v@jalbum.net,51
2015-03-12T08:16:02Z,amazon,Syria,Carlos,King,cking8w@ca.gov,40
2014-08-20T03:42:00Z,google,Israel,Kevin,Jones,kjones8x@weather.com,39
2015-07-23T23:39:14Z,facebook,China,Russell,Little,rlittle8y@ezinearticles.com,18
2015-01-09T05:50:28Z,facebook,Philippines,Kenneth,Frazier,kfrazier8z@microsoft.com,46
2015-06-01T01:31:49Z,linkedin,Indonesia,Gary,Burke,gburke90@opensource.org,44
2014-10-06T17:37:10Z,facebook,Uruguay,Marilyn,Wright,mwright91@thetimes.co.uk,48
2015-07-26T00:29:29Z,amazon,Indonesia,Christine,Adams,cadams92@plala.or.jp,51
2015-02-28T20:48:22Z,linkedin,Poland,Kathryn,Martinez,kmartinez93@ocn.ne.jp,18
2015-03-13T12:28:38Z,google,Mongolia,Jessica,Gonzalez,jgonzalez94@rakuten.co.jp,56
2015-05-04T13:49:02Z,google,Malaysia,Kenneth,Garza,kgarza95@bandcamp.com,42
2015-03-08T09:21:23Z,facebook,Indonesia,Julie,Jackson,jjackson96@ebay.com,25
2014-10-09T00:29:56Z,facebook,China,Brian,Spencer,bspencer97@4shared.com,53
2015-06-16T14:50:26Z,google,China,Craig,Hawkins,chawkins98@unesco.org,55
2014-11-13T00:36:38Z,amazon,Indonesia,Larry,Johnston,ljohnston99@dmoz.org,48
2015-06-16T05:20:10Z,apple,Russia,Doris,Jacobs,djacobs9a@bigcartel.com,24
2014-11-01T15:36:48Z,facebook,Indonesia,John,Pierce,jpierce9b@over-blog.com,24
2015-05-06T14:14:08Z,apple,Argentina,Joshua,Richards,jrichards9c@whitehouse.gov,44
2014-10-12T07:44:35Z,google,Bulgaria,John,Reed,jreed9d@cargocollective.com,32
2014-08-12T23:19:27Z,apple,Japan,Paula,Snyder,psnyder9e@biglobe.ne.jp,49
2015-01-26T11:20:21Z,apple,Greece,Pamela,Carpenter,pcarpenter9f@wordpress.com,40
2014-12-06T01:39:23Z,linkedin,Thailand,Daniel,Anderson,danderson9g@flavors.me,23
2014-12-02T23:42:32Z,amazon,Dominican Republic,Kevin,Smith,ksmith9h@howstuffworks.com,59
2015-04-18T15:40:20Z,google,Ukraine,Willie,Ortiz,wortiz9i@ted.com,18
2014-11-26T08:10:34Z,apple,Portugal,Howard,King,hking9j@gravatar.com,27
2014-10-19T01:39:03Z,amazon,Philippines,Donald,Freeman,dfreeman9k@wiley.com,34
2015-07-30T11:02:18Z,facebook,Russia,Willie,Hunter,whunter9l@cnbc.com,29
2015-02-24T02:20:56Z,facebook,Pakistan,Martin,Carter,mcarter9m@tuttocitta.it,18
2014-12-27T23:40:13Z,apple,Indonesia,Ruby,Harris,rharris9n@time.com,37
2014-09-11T09:13:43Z,google,United States,Paul,Foster,pfoster9o@independent.co.uk,51
2015-06-03T09:09:21Z,facebook,China,Paula,Reid,preid9p@bigcartel.com,45
2014-10-31T09:11:05Z,apple,China,Ryan,Gray,rgray9q@japanpost.jp,20
2015-06-21T09:31:48Z,facebook,Portugal,Julia,Banks,jbanks9r@state.tx.us,28
2014-11-14T09:57:36Z,linkedin,China,Dorothy,Grant,dgrant9s@cornell.edu,59
2015-07-22T06:14:53Z,google,China,Kathleen,Burns,kburns9t@squidoo.com,56
2015-01-09T22:16:11Z,facebook,Indonesia,Evelyn,Arnold,earnold9u@irs.gov,53
2015-02-19T22:27:32Z,google,China,Louise,Alexander,lalexander9v@blogtalkradio.com,31
2015-02-25T22:43:06Z,apple,China,Howard,Anderson,handerson9w@tamu.edu,49
2015-02-28T07:12:45Z,amazon,Australia,Linda,Parker,lparker9x@fda.gov,38
2015-04-29T02:39:43Z,linkedin,Malaysia,Paul,Miller,pmiller9y@typepad.com,45
2014-10-03T09:31:36Z,apple,Peru,Fred,Harris,fharris9z@elegantthemes.com,36
2015-01-21T08:57:14Z,apple,Sri Lanka,Rose,Berry,rberrya0@uiuc.edu,30
2014-09-03T04:21:48Z,facebook,Thailand,Lawrence,Stanley,lstanleya1@sfgate.com,56
2015-03-07T19:14:26Z,amazon,China,Kimberly,Garcia,kgarciaa2@de.vu,59
2015-04-08T16:53:03Z,google,Indonesia,William,Hughes,whughesa3@123-reg.co.uk,55
2014-12-19T00:12:24Z,amazon,Indonesia,Brian,Day,bdaya4@google.ca,31
2014-10-02T11:38:36Z,google,France,Gerald,Taylor,gtaylora5@newyorker.com,23
2014-12-03T13:49:38Z,facebook,Russia,Teresa,Hughes,thughesa6@reddit.com,39
2015-07-11T11:12:57Z,google,China,Pamela,Gardner,pgardnera7@tiny.cc,20
2015-02-26T09:53:49Z,linkedin,Costa Rica,Benjamin,Jordan,bjordana8@issuu.com,49
2015-05-19T03:03:07Z,linkedin,Indonesia,Helen,Price,hpricea9@youtube.com,42
2015-06-22T08:54:16Z,linkedin,United Kingdom,Russell,Nichols,rnicholsaa@independent.co.uk,29
2014-11-07T12:48:41Z,apple,Egypt,Richard,Fernandez,rfernandezab@g.co,23
2015-03-16T06:38:54Z,apple,Brazil,Denise,Hill,dhillac@sun.com,32
2015-03-20T22:22:55Z,facebook,Chile,Scott,Vasquez,svasquezad@berkeley.edu,43
2015-02-22T04:39:04Z,google,France,Albert,Gonzalez,agonzalezae@amazon.co.jp,23
2014-09-29T20:28:54Z,linkedin,United Kingdom,Anna,Bennett,abennettaf@domainmarket.com,53
2015-07-24T20:43:50Z,linkedin,Ukraine,Nicholas,Gilbert,ngilbertag@taobao.com,46
2015-04-24T14:58:23Z,amazon,Norway,Ruth,White,rwhiteah@multiply.com,34
2014-10-13T09:38:56Z,linkedin,Russia,Amy,Schmidt,aschmidtai@ibm.com,41
2015-07-11T14:40:07Z,linkedin,Japan,Kathryn,Hart,khartaj@delicious.com,42
2015-04-07T20:46:12Z,amazon,China,Johnny,Stewart,jstewartak@cafepress.com,46
2014-10-05T00:54:14Z,apple,Tunisia,Keith,Carr,kcarral@hibu.com,45
2014-10-01T12:44:07Z,facebook,Poland,Phyllis,Gonzalez,pgonzalezam@baidu.com,47
2015-04-01T13:32:26Z,facebook,Indonesia,Sandra,Garrett,sgarrettan@bbc.co.uk,47
2015-01-05T13:42:02Z,google,Comoros,Henry,Crawford,hcrawfordao@technorati.com,58
2015-01-24T14:32:31Z,apple,China,Lois,Morris,lmorrisap@weibo.com,48
2015-07-28T20:41:08Z,linkedin,Ivory Coast,Nicholas,Green,ngreenaq@wufoo.com,28
2014-10-19T19:19:27Z,amazon,Myanmar,Albert,Sullivan,asullivanar@oracle.com,52
2015-06-04T21:43:08Z,linkedin,Poland,Dennis,Knight,dknightas@weebly.com,44
2015-03-04T03:22:29Z,linkedin,China,Raymond,Hamilton,rhamiltonat@sfgate.com,26
2015-01-04T10:11:56Z,google,Norway,Judy,Sanders,jsandersau@pagesperso-orange.fr,39
2015-04-11T12:24:31Z,apple,Colombia,Justin,Powell,jpowellav@mapy.cz,25
2015-04-10T19:33:44Z,facebook,Philippines,Joan,Watson,jwatsonaw@gizmodo.com,59
2014-08-09T13:02:22Z,facebook,Argentina,Jane,Jordan,jjordanax@instagram.com,47
2015-05-14T07:20:12Z,google,Benin,Phillip,Bryant,pbryantay@google.com,38
2015-06-09T13:12:08Z,linkedin,Ethiopia,Michael,Butler,mbutleraz@slideshare.net,53
2015-02-09T13:38:04Z,apple,Bolivia,Barbara,Carter,bcarterb0@a8.net,32
2014-12-19T06:23:14Z,google,Kazakhstan,Diana,Wheeler,dwheelerb1@cloudflare.com,42
2015-04-13T04:36:19Z,google,United States,Jesse,Wallace,jwallaceb2@123-reg.co.uk,25
2015-04-18T02:22:59Z,linkedin,Poland,Amanda,Sullivan,asullivanb3@ed.gov,39
2015-02-03T08:33:00Z,amazon,Nigeria,Paula,Payne,ppayneb4@discuz.net,58
2014-11-27T15:54:35Z,google,Indonesia,Judy,Little,jlittleb5@yellowbook.com,44
2015-05-29T01:03:38Z,facebook,Poland,Wayne,Kelley,wkelleyb6@paypal.com,18
2015-07-17T04:34:45Z,amazon,Czech Republic,Michelle,Powell,mpowellb7@mayoclinic.com,25
2015-03-13T19:44:20Z,facebook,China,Arthur,Reid,areidb8@wsj.com,18
2014-10-29T23:23:19Z,amazon,Japan,Howard,Graham,hgrahamb9@sitemeter.com,28
2014-11-11T06:31:39Z,linkedin,Switzerland,Jason,Harris,jharrisba@usa.gov,36
2015-07-23T15:39:32Z,facebook,Georgia,Teresa,Hernandez,thernandezbb@nih.gov,56
2015-06-27T19:37:14Z,google,Portugal,Roy,Hayes,rhayesbc@de.vu,26
2015-07-05T22:36:19Z,facebook,United States,Evelyn,Edwards,eedwardsbd@amazon.co.jp,18
2015-02-20T18:26:30Z,facebook,Denmark,Juan,Moreno,jmorenobe@drupal.org,30
2015-04-08T19:28:40Z,apple,China,Ruth,Watkins,rwatkinsbf@t.co,60
2015-03-25T03:01:47Z,google,Czech Republic,Brian,Gordon,bgordonbg@icio.us,37
2014-09-15T09:22:18Z,apple,Mauritius,Henry,Ruiz,hruizbh@columbia.edu,26
2015-01-06T23:50:29Z,apple,Greece,Stephanie,Burns,sburnsbi@over-blog.com,59
2014-12-13T07:45:06Z,amazon,Indonesia,Carl,Arnold,carnoldbj@va.gov,33
2015-06-03T13:52:57Z,linkedin,Nigeria,Mildred,Kennedy,mkennedybk@ed.gov,38
2014-08-18T02:26:52Z,apple,United States,John,Payne,jpaynebl@webnode.com,49
2014-09-22T03:19:23Z,linkedin,Cameroon,Wayne,Greene,wgreenebm@redcross.org,31
2015-01-04T10:40:18Z,google,Afghanistan,Harry,Romero,hromerobn@so-net.ne.jp,28
2014-12-31T05:54:55Z,linkedin,China,Denise,Powell,dpowellbo@angelfire.com,39
2015-07-18T22:47:56Z,facebook,Kazakhstan,Linda,Vasquez,lvasquezbp@ning.com,27
2015-05-15T20:51:58Z,facebook,China,Craig,Daniels,cdanielsbq@simplemachines.org,44
2014-10-07T11:56:46Z,facebook,Thailand,Teresa,Andrews,tandrewsbr@google.com.au,26
2014-12-05T04:20:16Z,amazon,Kiribati,Robin,Baker,rbakerbs@merriam-webster.com,39
2015-05-01T18:09:29Z,facebook,China,Ronald,Welch,rwelchbt@mysql.com,50
2015-02-10T04:42:48Z,amazon,Indonesia,Phyllis,Gray,pgraybu@cnet.com,37
2015-04-25T17:14:25Z,apple,Portugal,Andrea,Carter,acarterbv@jigsy.com,47
2015-01-27T03:12:50Z,apple,Brazil,Sarah,Brooks,sbrooksbw@java.com,46
2014-08-11T16:51:10Z,apple,China,Rachel,Howard,rhowardbx@gravatar.com,52
2015-02-10T05:32:43Z,google,China,Amy,Moore,amooreby@symantec.com,43
2014-11-19T00:31:54Z,google,Venezuela,Andrew,Burton,aburtonbz@hostgator.com,48
2015-01-09T15:31:39Z,linkedin,Sweden,Jane,Rodriguez,jrodriguezc0@sakura.ne.jp,20
2015-05-04T23:53:10Z,linkedin,Vietnam,Bonnie,Gutierrez,bgutierrezc1@smh.com.au,50
2014-09-24T14:14:43Z,facebook,Philippines,Eric,Nelson,enelsonc2@cnbc.com,54
2014-11-22T09:05:40Z,google,Honduras,Heather,Ferguson,hfergusonc3@xinhuanet.com,39
2014-09-01T12:46:15Z,facebook,Russia,Eugene,Riley,erileyc4@ebay.com,38
2014-10-28T06:03:23Z,google,Russia,Douglas,Russell,drussellc5@cafepress.com,47
2015-01-02T02:59:12Z,amazon,Poland,Carolyn,Reid,creidc6@uiuc.edu,21
2015-01-31T16:52:43Z,facebook,China,Jack,Lopez,jlopezc7@surveymonkey.com,52
2015-01-01T08:31:03Z,linkedin,Russia,Victor,Fields,vfieldsc8@t.co,42
2014-08-14T06:08:05Z,linkedin,Argentina,Bruce,Morrison,bmorrisonc9@huffingtonpost.com,23
2015-04-16T15:09:35Z,apple,China,Jack,Richards,jrichardsca@4shared.com,21
2015-02-22T21:28:52Z,facebook,Brazil,Jack,Richards,jrichardscb@blogtalkradio.com,26
2015-07-12T21:00:55Z,amazon,Czech Republic,Paula,Bell,pbellcc@nba.com,51
2015-04-28T00:05:23Z,facebook,Poland,Sandra,Flores,sflorescd@cpanel.net,40
2014-11-12T13:17:22Z,linkedin,Myanmar,Karen,Wheeler,kwheelerce@behance.net,48
2015-04-09T00:28:39Z,amazon,Mexico,Fred,Foster,ffostercf@instagram.com,26
2014-09-10T07:36:54Z,facebook,Russia,David,Pierce,dpiercecg@cnbc.com,59
2014-08-28T07:35:41Z,linkedin,Brazil,Beverly,Lawrence,blawrencech@technorati.com,43
2015-03-21T06:05:12Z,facebook,Iran,George,Garrett,ggarrettci@google.ca,20
2015-04-07T16:12:44Z,google,Portugal,Kimberly,Robertson,krobertsoncj@oracle.com,48
2014-09-05T12:46:49Z,apple,Brazil,Mildred,Rogers,mrogersck@marketwatch.com,34
2015-04-15T11:26:03Z,facebook,Portugal,Antonio,Watson,awatsoncl@geocities.jp,60
2015-01-24T10:55:20Z,amazon,Indonesia,Charles,Lawson,clawsoncm@state.tx.us,38
2015-06-26T23:27:09Z,apple,Chad,Frances,George,fgeorgecn@salon.com,52
2014-12-31T16:02:24Z,linkedin,United States,Edward,Harris,eharrisco@youtube.com,27
2015-04-23T14:46:01Z,google,Sweden,Irene,White,iwhitecp@discuz.net,55
2014-09-12T17:09:05Z,amazon,Bolivia,Kimberly,Jackson,kjacksoncq@cam.ac.uk,43
2015-03-13T08:01:02Z,apple,Russia,George,Murphy,gmurphycr@webmd.com,56
2015-01-31T01:56:44Z,amazon,Chile,Annie,Armstrong,aarmstrongcs@homestead.com,34
2015-02-22T21:50:27Z,apple,Iraq,Jean,Gonzalez,jgonzalezct@timesonline.co.uk,49
2015-02-12T16:53:19Z,google,Portugal,Philip,Barnes,pbarnescu@blogs.com,44
2015-04-10T18:18:17Z,google,Iran,Chris,Diaz,cdiazcv@wordpress.com,46
2014-09-23T19:13:07Z,linkedin,Indonesia,Wanda,Dean,wdeancw@craigslist.org,34
2015-02-05T10:14:12Z,google,Argentina,Jerry,Butler,jbutlercx@guardian.co.uk,56
2015-05-09T20:13:29Z,facebook,Burkina Faso,Ryan,Daniels,rdanielscy@surveymonkey.com,31
2014-08-21T18:19:54Z,facebook,Netherlands,Ann,Holmes,aholmescz@house.gov,39
2015-07-12T08:56:57Z,linkedin,Peru,Elizabeth,Pierce,epierced0@joomla.org,58
2015-07-26T21:44:28Z,linkedin,China,Andrea,Martin,amartind1@mapy.cz,23
2015-05-26T08:18:31Z,google,Finland,Cynthia,Warren,cwarrend2@godaddy.com,32
2015-02-21T15:12:17Z,linkedin,France,Juan,Fields,jfieldsd3@over-blog.com,23
2014-12-25T23:56:17Z,facebook,United States,Ralph,Chapman,rchapmand4@about.com,50
2015-01-02T21:35:58Z,facebook,Slovenia,Jose,Hudson,jhudsond5@sfgate.com,19
2015-02-14T10:55:50Z,apple,Poland,Ernest,Nichols,enicholsd6@twitter.com,38
2015-06-21T02:43:56Z,linkedin,Honduras,Judy,Wilson,jwilsond7@ycombinator.com,43
2015-02-18T10:08:08Z,linkedin,Indonesia,James,Harvey,jharveyd8@yandex.ru,41
2014-08-23T12:16:46Z,apple,Chile,Phyllis,Medina,pmedinad9@psu.edu,28
2014-12-07T20:01:37Z,google,Pakistan,Denise,Tucker,dtuckerda@fema.gov,22
2015-05-09T13:31:59Z,facebook,Kenya,Martin,Elliott,melliottdb@tiny.cc,41
2015-06-05T02:23:40Z,facebook,Brazil,Ruth,White,rwhitedc@51.la,55
2015-07-10T14:09:53Z,google,China,William,Gonzales,wgonzalesdd@1und1.de,27
2014-10-25T06:45:00Z,apple,Ukraine,Gregory,Morales,gmoralesde@nature.com,19
2015-05-02T13:25:42Z,amazon,Russia,Patricia,Warren,pwarrendf@arstechnica.com,55
2014-10-12T05:44:45Z,google,Indonesia,James,Brooks,jbrooksdg@globo.com,51
2015-07-05T03:18:01Z,amazon,Poland,Judy,Young,jyoungdh@boston.com,56
2015-03-28T15:33:01Z,amazon,Israel,Joe,Ramos,jramosdi@sogou.com,18
2014-10-31T13:27:24Z,linkedin,Philippines,Cheryl,Knight,cknightdj@imgur.com,25
2014-12-23T19:57:31Z,facebook,South Korea,Robin,Parker,rparkerdk@blogger.com,55
2015-04-11T02:39:16Z,google,China,Douglas,Powell,dpowelldl@istockphoto.com,43
2014-07-31T19:20:27Z,linkedin,Finland,Gary,Mills,gmillsdm@histats.com,51
2015-01-09T18:42:06Z,amazon,Indonesia,Joe,Bell,jbelldn@wp.com,60
2015-05-16T05:38:05Z,facebook,China,Jonathan,Mills,jmillsdo@ning.com,43
2014-09-13T04:38:02Z,facebook,Canada,Howard,Wallace,hwallacedp@sciencedaily.com,53
2014-10-21T03:33:49Z,amazon,South Sudan,Brandon,Harris,bharrisdq@cbc.ca,44
2014-09-24T08:18:18Z,facebook,Ukraine,Jeremy,Davis,jdavisdr@bloglines.com,21
2015-05-19T11:20:39Z,linkedin,Poland,Theresa,Perry,tperryds@facebook.com,34
2015-03-03T21:11:08Z,apple,Russia,Daniel,Sims,dsimsdt@ocn.ne.jp,45
2014-08-11T08:31:43Z,amazon,China,Robin,Dixon,rdixondu@bloglines.com,60
2015-01-22T20:54:58Z,facebook,Indonesia,Raymond,Chapman,rchapmandv@cbsnews.com,41
2015-06-04T23:04:52Z,amazon,Ukraine,Johnny,Andrews,jandrewsdw@ucla.edu,45
2015-04-10T15:24:14Z,apple,Philippines,Matthew,Miller,mmillerdx@smugmug.com,32
2014-12-11T08:22:53Z,amazon,Russia,Katherine,Mcdonald,kmcdonalddy@networksolutions.com,30
2015-04-16T18:45:35Z,apple,Indonesia,Tammy,Woods,twoodsdz@tmall.com,25
2015-04-10T16:50:29Z,google,Nigeria,Margaret,Diaz,mdiaze0@guardian.co.uk,44
2015-01-14T13:41:08Z,linkedin,China,Benjamin,Perez,bpereze1@earthlink.net,49
2015-05-25T21:53:11Z,facebook,China,Peter,Rice,pricee2@illinois.edu,36
2014-08-09T18:38:30Z,apple,Ukraine,Jimmy,Brown,jbrowne3@nydailynews.com,24
2015-03-08T09:39:18Z,facebook,Peru,Helen,Ellis,hellise4@phoca.cz,37
2015-06-10T01:21:07Z,facebook,Portugal,Judith,Ryan,jryane5@hp.com,32
2014-12-24T02:35:12Z,linkedin,Indonesia,Carl,Gibson,cgibsone6@surveymonkey.com,52
2014-12-03T04:07:18Z,facebook,Solomon Islands,Maria,Fields,mfieldse7@nationalgeographic.com,40
2014-11-15T22:07:35Z,amazon,China,Daniel,Rogers,drogerse8@amazonaws.com,33
2014-09-29T01:03:23Z,apple,Portugal,Jeremy,Payne,jpaynee9@discovery.com,58
2015-05-06T21:01:17Z,google,Pakistan,Christopher,Henderson,chendersonea@de.vu,51
2015-07-28T16:01:33Z,linkedin,China,Henry,Wells,hwellseb@wordpress.com,49
2015-02-19T10:29:50Z,google,France,James,Robinson,jrobinsonec@phoca.cz,59
2014-08-12T20:57:23Z,linkedin,China,Ralph,Wallace,rwallaceed@dmoz.org,33
2015-02-16T08:34:04Z,facebook,China,Diana,George,dgeorgeee@taobao.com,34
2014-11-05T22:09:42Z,facebook,Ireland,Katherine,Stephens,kstephensef@miibeian.gov.cn,58
2015-05-11T12:24:03Z,apple,Thailand,Henry,Murray,hmurrayeg@sina.com.cn,45
2014-10-29T10:44:23Z,facebook,Poland,Earl,George,egeorgeeh@chicagotribune.com,34
2015-06-30T00:34:41Z,facebook,China,Nicole,Hall,nhallei@goo.ne.jp,43
2014-11-30T18:05:34Z,linkedin,China,Thomas,Jenkins,tjenkinsej@arizona.edu,34
2015-03-16T12:49:22Z,facebook,Honduras,Jimmy,Henry,jhenryek@hostgator.com,28
2015-01-26T16:52:45Z,amazon,Afghanistan,Earl,Scott,escottel@washington.edu,51
2014-10-14T20:43:19Z,facebook,Portugal,Ralph,Weaver,rweaverem@dot.gov,21
2014-10-22T12:59:30Z,apple,China,Brian,Cook,bcooken@google.es,22
2015-02-13T13:58:15Z,facebook,Indonesia,Martha,Welch,mwelcheo@dmoz.org,50
2015-03-11T10:01:11Z,facebook,Portugal,Carl,Henry,chenryep@netlog.com,44
2015-05-29T23:18:24Z,linkedin,China,Richard,Tucker,rtuckereq@vk.com,31
2015-06-06T15:52:36Z,google,China,Billy,Adams,badamser@wired.com,25
2015-04-17T21:33:00Z,google,China,Norma,James,njameses@sbwire.com,31
2015-03-03T07:59:58Z,apple,Indonesia,Juan,Crawford,jcrawfordet@phpbb.com,54
2014-11-07T16:42:36Z,apple,Russia,Denise,Schmidt,dschmidteu@aboutads.info,47
2015-07-05T09:39:56Z,linkedin,Uzbekistan,Shawn,Anderson,sandersonev@tumblr.com,52
2014-12-11T12:00:15Z,facebook,Philippines,Lori,Gonzales,lgonzalesew@slate.com,24
2014-08-04T22:27:35Z,facebook,Indonesia,Jimmy,Ward,jwardex@technorati.com,46
2015-02-21T02:38:33Z,amazon,Indonesia,Sandra,Campbell,scampbelley@geocities.jp,56
2015-07-05T14:11:53Z,apple,Greece,Lillian,Wallace,lwallaceez@hugedomains.com,40
2015-02-15T18:18:10Z,facebook,Portugal,Henry,Clark,hclarkf0@hugedomains.com,18
2014-11-07T17:58:53Z,amazon,Brazil,Kathy,Garrett,kgarrettf1@slate.com,26
2015-01-19T09:38:46Z,linkedin,Malta,Rebecca,Hudson,rhudsonf2@state.gov,53
2014-10-06T13:37:00Z,amazon,Sweden,Larry,Harrison,lharrisonf3@xrea.com,48
2014-11-21T18:21:27Z,apple,Palau,Susan,Sanchez,ssanchezf4@marriott.com,54
2014-10-07T10:37:24Z,facebook,Panama,Andrew,Fox,afoxf5@springer.com,36
2015-07-23T10:50:10Z,amazon,Nigeria,Carolyn,Matthews,cmatthewsf6@hao123.com,36
2014-10-02T07:18:58Z,amazon,Russia,Teresa,Moore,tmooref7@creativecommons.org,34
2015-02-01T11:21:33Z,facebook,Ukraine,Louise,Gordon,lgordonf8@ca.gov,36
2015-01-24T06:22:33Z,linkedin,Poland,Virginia,Fisher,vfisherf9@craigslist.org,30
2015-05-18T15:28:29Z,linkedin,Philippines,Teresa,Hughes,thughesfa@php.net,34
2015-01-25T18:48:57Z,google,Finland,Benjamin,Diaz,bdiazfb@amazon.com,23
2015-03-28T03:42:30Z,google,China,Martha,Burns,mburnsfc@usnews.com,26
2014-09-09T08:26:03Z,amazon,Indonesia,Albert,Diaz,adiazfd@comcast.net,53
2015-04-11T18:41:17Z,facebook,China,Jessica,Price,jpricefe@so-net.ne.jp,59
2015-04-21T14:30:06Z,linkedin,Indonesia,Rebecca,Stone,rstoneff@deliciousdays.com,23
2014-10-14T20:06:35Z,facebook,Indonesia,Elizabeth,Lawrence,elawrencefg@princeton.edu,36
2015-03-11T20:51:24Z,amazon,Portugal,Marilyn,Wood,mwoodfh@google.com,53
2015-01-15T07:45:10Z,google,Peru,Craig,Grant,cgrantfi@tripadvisor.com,31
2014-10-26T09:38:35Z,google,Ukraine,Antonio,Berry,aberryfj@un.org,40
2014-08-29T22:08:03Z,google,Colombia,Michelle,Jackson,mjacksonfk@sciencedirect.com,18
2014-11-20T04:08:37Z,apple,Nigeria,Barbara,Wagner,bwagnerfl@is.gd,41
2015-06-22T13:26:07Z,facebook,Iran,Judith,Butler,jbutlerfm@cam.ac.uk,48
2015-03-23T21:54:14Z,google,Brazil,Gloria,Shaw,gshawfn@yahoo.co.jp,28
2014-08-13T02:59:12Z,google,Argentina,Juan,Watkins,jwatkinsfo@wikia.com,20
2014-12-23T14:34:11Z,linkedin,Jamaica,Thomas,Arnold,tarnoldfp@diigo.com,34
2015-04-05T22:54:19Z,linkedin,Indonesia,Carolyn,Mitchell,cmitchellfq@google.com,29
2015-06-19T11:27:31Z,google,Indonesia,Eugene,Wheeler,ewheelerfr@vinaora.com,48
2015-06-25T11:35:32Z,linkedin,Russia,Doris,Jordan,djordanfs@bravesites.com,51
2015-05-19T03:17:53Z,facebook,China,Carl,Montgomery,cmontgomeryft@si.edu,57
2015-05-03T08:54:22Z,facebook,South Korea,Phillip,Elliott,pelliottfu@archive.org,18
2015-03-19T15:58:39Z,amazon,United States,Frank,Kennedy,fkennedyfv@japanpost.jp,54
2014-09-01T01:14:13Z,facebook,Colombia,Joyce,Martinez,jmartinezfw@angelfire.com,55
2014-11-12T11:52:34Z,apple,Brazil,Steve,Fowler,sfowlerfx@cdbaby.com,33
2014-08-25T20:21:06Z,linkedin,China,Debra,Banks,dbanksfy@timesonline.co.uk,21
2015-06-29T04:53:38Z,google,Canada,Arthur,Allen,aallenfz@jigsy.com,43
2014-08-01T04:39:20Z,linkedin,China,George,Ellis,gellisg0@storify.com,59
2015-07-21T14:22:14Z,linkedin,Philippines,Lisa,King,lkingg1@unblog.fr,21
2014-12-29T12:31:26Z,facebook,Czech Republic,Karen,Sanders,ksandersg2@qq.com,31
2015-04-09T20:38:25Z,amazon,Indonesia,Gary,Stone,gstoneg3@chron.com,57
2014-08-08T12:55:45Z,linkedin,China,Chris,Lopez,clopezg4@feedburner.com,45
2014-09-29T08:35:09Z,facebook,Poland,Peter,Nguyen,pnguyeng5@ehow.com,32
2015-03-26T13:14:01Z,facebook,Brazil,Emily,Cook,ecookg6@smh.com.au,43
2014-12-28T19:47:36Z,google,China,Ronald,Bishop,rbishopg7@auda.org.au,53
2014-12-30T21:33:23Z,facebook,Ukraine,Tammy,Barnes,tbarnesg8@yahoo.co.jp,39
2015-03-29T21:11:08Z,linkedin,Macedonia,Jane,Greene,jgreeneg9@wikimedia.org,39
2015-06-13T03:36:03Z,apple,Philippines,Frank,Cox,fcoxga@printfriendly.com,36
2014-08-02T05:03:19Z,facebook,Indonesia,Helen,Reid,hreidgb@independent.co.uk,59
2014-08-07T22:34:49Z,apple,Haiti,Andrew,Carroll,acarrollgc@chicagotribune.com,23
2014-08-18T15:46:26Z,apple,Costa Rica,Todd,Stone,tstonegd@meetup.com,20
2015-02-18T17:26:30Z,linkedin,Russia,Christopher,Hart,chartge@cloudflare.com,50
2015-03-29T19:19:03Z,apple,Tanzania,Johnny,Warren,jwarrengf@mtv.com,56
2014-10-12T15:22:05Z,amazon,United States,Thomas,Vasquez,tvasquezgg@istockphoto.com,49
2014-08-28T03:55:08Z,amazon,Slovenia,Gary,Cox,gcoxgh@adobe.com,30
2015-07-24T22:06:49Z,linkedin,Israel,Mildred,Washington,mwashingtongi@squidoo.com,55
2014-10-17T01:37:40Z,google,Indonesia,Todd,Smith,tsmithgj@guardian.co.uk,23
2015-04-01T10:05:49Z,google,Indonesia,Mildred,Reid,mreidgk@nature.com,18
2014-12-25T05:39:44Z,linkedin,Mexico,Chris,Cole,ccolegl@linkedin.com,38
2015-03-30T02:35:56Z,apple,China,Howard,Adams,hadamsgm@uol.com.br,24
2015-02-18T06:02:13Z,google,Belarus,George,Wallace,gwallacegn@washington.edu,59
2015-05-29T14:10:27Z,amazon,Argentina,Nicholas,Garza,ngarzago@engadget.com,54
2014-11-21T20:44:18Z,apple,Indonesia,Roger,Day,rdaygp@google.pl,39
2014-12-12T12:37:10Z,linkedin,France,Lawrence,Stephens,lstephensgq@github.io,53
2015-05-24T14:23:03Z,linkedin,China,Maria,Powell,mpowellgr@ow.ly,54
2015-04-08T20:18:19Z,google,Armenia,Lillian,Willis,lwillisgs@infoseek.co.jp,36
2014-12-29T05:22:41Z,apple,Ukraine,Jason,Mason,jmasongt@tamu.edu,54
2014-08-11T05:42:37Z,amazon,Hungary,Adam,Sanchez,asanchezgu@slideshare.net,38
2014-09-11T13:54:39Z,linkedin,Nigeria,Carol,Carpenter,ccarpentergv@xrea.com,30
2015-05-27T21:00:01Z,google,Greece,Fred,Alexander,falexandergw@indiegogo.com,25
2014-11-14T18:33:57Z,apple,Poland,Kelly,Carr,kcarrgx@phpbb.com,51
2014-12-22T11:06:01Z,linkedin,New Zealand,Amy,Mitchell,amitchellgy@google.fr,52
2015-05-31T00:14:32Z,linkedin,China,Jeremy,Baker,jbakergz@delicious.com,26
2015-02-01T12:12:39Z,amazon,Russia,Dennis,Burns,dburnsh0@illinois.edu,21
2014-09-13T22:14:10Z,apple,Lithuania,Denise,Lynch,dlynchh1@addtoany.com,34
2015-07-22T11:55:22Z,amazon,Russia,Michelle,Ramirez,mramirezh2@ihg.com,32
2014-11-22T08:32:47Z,facebook,Panama,Donna,Murray,dmurrayh3@ucsd.edu,49
2014-09-04T09:14:06Z,google,Armenia,Melissa,Hudson,mhudsonh4@wikia.com,28
2015-06-29T21:10:41Z,apple,New Zealand,Dennis,Ward,dwardh5@sogou.com,30
2014-11-19T07:18:43Z,facebook,Brazil,Jimmy,Black,jblackh6@51.la,28
2014-12-22T15:22:45Z,google,Chile,Craig,Turner,cturnerh7@a8.net,50
2015-05-15T11:53:44Z,google,Sweden,Carl,Green,cgreenh8@sourceforge.net,46
2015-06-06T21:42:46Z,linkedin,North Korea,Paul,Howard,phowardh9@usa.gov,37
2015-04-05T13:57:26Z,linkedin,Argentina,Roger,Gilbert,rgilbertha@theguardian.com,19
2015-04-17T00:45:11Z,amazon,Botswana,Alice,Barnes,abarneshb@merriam-webster.com,32
2015-07-21T16:51:38Z,google,Indonesia,Justin,Riley,jrileyhc@drupal.org,53
2014-10-25T10:32:31Z,google,Czech Republic,Henry,Cunningham,hcunninghamhd@europa.eu,23
2015-06-10T04:37:45Z,google,France,Kimberly,Wright,kwrighthe@digg.com,35
2015-05-13T02:08:45Z,amazon,Brazil,Irene,Gomez,igomezhf@wp.com,24
2015-06-25T11:41:10Z,facebook,France,Pamela,Berry,pberryhg@ezinearticles.com,27
2015-01-01T22:58:48Z,apple,Indonesia,Matthew,King,mkinghh@twitter.com,31
2015-06-21T02:28:02Z,apple,Argentina,Diane,Stanley,dstanleyhi@icio.us,38
2014-10-26T06:54:05Z,facebook,Malaysia,Gregory,Watson,gwatsonhj@bigcartel.com,32
2015-03-23T23:30:44Z,google,Tunisia,Robert,Nelson,rnelsonhk@huffingtonpost.com,36
2015-06-27T05:55:07Z,google,Japan,Jean,Peterson,jpetersonhl@soundcloud.com,43
2015-04-23T13:54:06Z,linkedin,China,Jennifer,Kennedy,jkennedyhm@naver.com,50
2015-07-03T10:05:52Z,linkedin,Poland,George,Green,ggreenhn@prlog.org,23
2015-03-30T07:13:34Z,facebook,United States,Ronald,Taylor,rtaylorho@addtoany.com,36
2014-10-01T04:33:57Z,amazon,Indonesia,Walter,Kennedy,wkennedyhp@oracle.com,44
2015-06-12T09:05:35Z,google,Poland,Andrew,Harrison,aharrisonhq@cbsnews.com,25
2015-04-12T07:12:02Z,linkedin,France,Kenneth,Montgomery,kmontgomeryhr@forbes.com,57
2015-03-20T22:29:29Z,apple,Peru,Ruby,Sanchez,rsanchezhs@lulu.com,57
2014-08-24T15:41:20Z,linkedin,China,Sharon,Pierce,spierceht@irs.gov,19
2014-09-25T21:30:26Z,apple,Philippines,Joan,Baker,jbakerhu@cbsnews.com,49
2015-04-17T14:27:08Z,linkedin,South Africa,Evelyn,Morris,emorrishv@360.cn,29
2014-10-03T22:58:55Z,google,China,Maria,Patterson,mpattersonhw@seattletimes.com,23
2015-01-22T09:28:10Z,linkedin,Indonesia,Harry,Pierce,hpiercehx@bbb.org,57
2014-10-23T11:04:48Z,linkedin,China,Joshua,Davis,jdavishy@answers.com,39
2014-11-14T04:45:56Z,google,Philippines,Wayne,Berry,wberryhz@comcast.net,37
2014-11-22T02:41:41Z,facebook,Ukraine,John,Franklin,jfranklini0@virginia.edu,50
2014-12-04T16:31:43Z,apple,Russia,Charles,Watson,cwatsoni1@eventbrite.com,59
2014-12-07T11:25:56Z,facebook,Russia,Antonio,Hunt,ahunti2@issuu.com,18
2015-03-16T09:17:15Z,linkedin,France,Earl,Stephens,estephensi3@quantcast.com,34
2014-12-01T16:52:34Z,amazon,Philippines,William,Hawkins,whawkinsi4@angelfire.com,21
2015-01-27T08:12:26Z,facebook,Mexico,Brian,Hanson,bhansoni5@alibaba.com,39
2015-04-21T17:50:17Z,amazon,Mexico,Linda,Williamson,lwilliamsoni6@ox.ac.uk,48
2015-06-08T20:35:50Z,amazon,China,Chris,Ramirez,cramirezi7@usda.gov,18
2015-01-16T08:47:27Z,amazon,Sweden,Jane,Gordon,jgordoni8@amazon.de,40
2014-10-08T09:03:49Z,facebook,Philippines,Mildred,Kennedy,mkennedyi9@indiegogo.com,29
2014-09-05T09:49:56Z,amazon,Portugal,Heather,Bradley,hbradleyia@addtoany.com,31
2015-01-15T18:07:09Z,amazon,Afghanistan,Willie,Cox,wcoxib@tiny.cc,44
2015-05-30T21:00:46Z,apple,Russia,Frances,Lawson,flawsonic@wikipedia.org,21
2014-10-14T04:39:48Z,google,China,Lois,Foster,lfosterid@webs.com,27
2014-11-23T06:36:09Z,apple,Poland,Paula,Green,pgreenie@meetup.com,41
2014-09-17T01:09:07Z,apple,Ukraine,Margaret,Medina,mmedinaif@house.gov,37
2015-04-23T01:45:30Z,facebook,China,Gloria,Sullivan,gsullivanig@nydailynews.com,60
2015-04-26T10:30:37Z,facebook,Mongolia,Henry,Wood,hwoodih@reddit.com,36
2014-09-24T06:21:20Z,amazon,Costa Rica,Deborah,Turner,dturnerii@blogtalkradio.com,18
2015-04-13T13:34:31Z,amazon,Syria,Victor,Fernandez,vfernandezij@google.es,53
2015-01-12T10:23:51Z,google,Portugal,Bruce,Parker,bparkerik@merriam-webster.com,33
2014-10-11T05:16:38Z,google,Russia,Walter,Wells,wwellsil@disqus.com,26
2014-08-03T12:54:14Z,apple,China,Sandra,Ramos,sramosim@epa.gov,57
2014-10-04T13:30:16Z,apple,Sweden,Steve,King,skingin@reddit.com,54
2014-12-10T00:24:47Z,facebook,Zimbabwe,Joshua,Dunn,jdunnio@lulu.com,30
2014-08-29T16:17:11Z,linkedin,Japan,Kenneth,Garrett,kgarrettip@nba.com,43
2015-05-07T20:06:53Z,facebook,Thailand,Justin,Patterson,jpattersoniq@furl.net,58
2015-04-04T03:16:08Z,google,Afghanistan,Paul,Young,pyoungir@cam.ac.uk,33
2015-01-02T17:15:38Z,linkedin,Croatia,Brian,Rivera,briverais@yellowbook.com,23
2015-06-24T06:00:15Z,facebook,Nicaragua,Scott,Gomez,sgomezit@ustream.tv,21
2014-11-27T01:57:29Z,amazon,Indonesia,Gregory,Hayes,ghayesiu@163.com,35
2014-10-20T23:13:21Z,facebook,China,Julia,James,jjamesiv@typepad.com,36
2015-04-02T08:58:31Z,apple,Czech Republic,Linda,Bishop,lbishopiw@pcworld.com,42
2015-02-03T08:24:58Z,apple,China,Angela,Cooper,acooperix@sun.com,44
2015-03-01T15:23:01Z,facebook,Philippines,Clarence,Martin,cmartiniy@wsj.com,21
2015-05-03T02:29:46Z,amazon,Belgium,Michelle,Fowler,mfowleriz@wordpress.com,47
2014-11-21T20:56:31Z,apple,China,Anna,Johnston,ajohnstonj0@youtube.com,56
2014-09-27T04:16:15Z,google,Colombia,Shirley,Little,slittlej1@storify.com,27
2014-12-17T10:24:56Z,amazon,Australia,George,Carr,gcarrj2@guardian.co.uk,36
2015-06-24T09:14:48Z,linkedin,Croatia,Angela,Morrison,amorrisonj3@networkadvertising.org,20
2014-08-22T05:51:36Z,linkedin,China,Stephanie,Murray,smurrayj4@cafepress.com,19
2015-02-19T20:09:30Z,linkedin,South Africa,Betty,Walker,bwalkerj5@indiatimes.com,47
2015-06-08T19:07:42Z,amazon,Russia,Wanda,Thomas,wthomasj6@huffingtonpost.com,36
2015-02-15T11:56:48Z,facebook,Slovenia,Christopher,Morgan,cmorganj7@rakuten.co.jp,19
2015-01-18T07:56:04Z,linkedin,Russia,Billy,Gilbert,bgilbertj8@umn.edu,20
2015-02-06T20:24:18Z,amazon,Russia,Randy,Jones,rjonesj9@github.com,50
2015-01-09T00:17:29Z,facebook,Sweden,Brenda,Cruz,bcruzja@lycos.com,49
2014-10-07T19:07:51Z,apple,Malaysia,Kelly,Graham,kgrahamjb@washingtonpost.com,39
2015-02-23T08:08:23Z,apple,Russia,Cynthia,Foster,cfosterjc@sciencedaily.com,47
2015-01-12T22:56:35Z,linkedin,Indonesia,Charles,Arnold,carnoldjd@deliciousdays.com,29
2015-05-29T00:23:33Z,facebook,Brazil,Louis,Bradley,lbradleyje@zimbio.com,18
2014-09-20T19:13:17Z,apple,Indonesia,Robin,Robinson,rrobinsonjf@boston.com,53
2015-02-21T19:36:45Z,amazon,Poland,David,Stanley,dstanleyjg@ihg.com,38
2015-07-12T15:39:14Z,facebook,Poland,Steve,Butler,sbutlerjh@umich.edu,29
2014-11-22T18:45:28Z,google,Russia,Fred,Jordan,fjordanji@fastcompany.com,18
2015-03-16T10:52:21Z,linkedin,Japan,Anna,Harrison,aharrisonjj@domainmarket.com,18
2015-02-09T09:56:48Z,google,Philippines,Ashley,Greene,agreenejk@state.tx.us,21
2014-12-15T11:14:38Z,facebook,Philippines,Willie,Williamson,wwilliamsonjl@spiegel.de,22
2014-10-22T17:16:53Z,facebook,China,Russell,Hayes,rhayesjm@instagram.com,54
2015-01-13T17:39:20Z,facebook,France,Brian,Castillo,bcastillojn@omniture.com,50
2014-12-25T17:40:09Z,linkedin,Argentina,Phillip,Welch,pwelchjo@list-manage.com,38
2014-09-05T12:58:41Z,amazon,Brazil,Carolyn,Phillips,cphillipsjp@purevolume.com,30
2015-01-01T18:03:24Z,amazon,Philippines,Margaret,Mitchell,mmitchelljq@fema.gov,40
2015-03-12T11:36:22Z,facebook,France,Wanda,Alexander,walexanderjr@facebook.com,52
2015-03-07T18:53:17Z,linkedin,Indonesia,Donald,King,dkingjs@123-reg.co.uk,33
2015-01-12T01:33:16Z,amazon,Pakistan,Denise,Fuller,dfullerjt@theguardian.com,56
2015-03-20T15:47:14Z,facebook,Kazakhstan,Ruby,Vasquez,rvasquezju@bbc.co.uk,45
2015-01-20T04:50:24Z,amazon,Indonesia,Philip,Shaw,pshawjv@jigsy.com,50
2014-10-11T02:41:22Z,google,United Kingdom,Barbara,Willis,bwillisjw@bizjournals.com,19
2014-10-26T12:55:07Z,amazon,United States,Harold,Hughes,hhughesjx@digg.com,34
2015-05-12T06:38:25Z,facebook,Poland,Wanda,Howard,whowardjy@sourceforge.net,20
2015-02-25T05:18:32Z,apple,Syria,Joan,Rivera,jriverajz@aol.com,56
2015-03-27T18:50:52Z,amazon,Thailand,Jose,Watson,jwatsonk0@google.ca,38
2014-09-03T11:13:54Z,apple,Bangladesh,Brian,King,bkingk1@dell.com,48
2015-03-27T15:46:14Z,linkedin,Philippines,Tina,Gray,tgrayk2@comsenz.com,57
2015-02-12T18:37:34Z,amazon,Peru,Gary,Medina,gmedinak3@hostgator.com,37
2015-06-27T19:09:16Z,apple,China,Roy,Cole,rcolek4@ft.com,59
2014-09-25T15:12:17Z,linkedin,Cyprus,Michelle,Stephens,mstephensk5@house.gov,43
2015-07-24T06:52:58Z,facebook,China,Mary,Turner,mturnerk6@google.com,39
2015-06-14T23:09:23Z,amazon,Japan,Albert,Payne,apaynek7@mac.com,19
2015-03-27T17:30:07Z,linkedin,Russia,Julia,Elliott,jelliottk8@hc360.com,47
2014-08-16T15:42:50Z,apple,Syria,Thomas,Ramirez,tramirezk9@shutterfly.com,29
2015-07-01T05:51:15Z,apple,France,Jane,Henry,jhenryka@sun.com,48
2015-03-30T13:49:38Z,linkedin,Latvia,Robin,Gardner,rgardnerkb@theguardian.com,22
2015-05-07T12:27:49Z,google,United States,Rebecca,Owens,rowenskc@icio.us,33
2015-06-22T16:35:01Z,linkedin,Indonesia,Lisa,Hill,lhillkd@abc.net.au,25
2014-08-01T04:13:46Z,facebook,Portugal,Joshua,Parker,jparkerke@comsenz.com,40
2014-08-25T23:01:29Z,google,Germany,Daniel,Franklin,dfranklinkf@jimdo.com,50
2014-08-14T01:12:39Z,linkedin,Portugal,Eric,Torres,etorreskg@nbcnews.com,49
2015-03-31T11:27:59Z,facebook,China,Jonathan,Harrison,jharrisonkh@chronoengine.com,43
2015-03-15T03:49:38Z,linkedin,China,Harry,Castillo,hcastilloki@i2i.jp,37
2014-10-21T01:22:37Z,facebook,Indonesia,Katherine,Fuller,kfullerkj@nature.com,59
2015-04-21T17:46:52Z,apple,Serbia,Douglas,Marshall,dmarshallkk@tinypic.com,59
2014-12-17T22:52:16Z,facebook,Nepal,David,Wagner,dwagnerkl@upenn.edu,45
2014-09-04T22:27:07Z,amazon,Mongolia,Jonathan,King,jkingkm@nifty.com,49
2014-09-29T11:06:47Z,apple,Canada,Joshua,Sims,jsimskn@nhs.uk,51
2014-12-01T06:04:57Z,apple,Thailand,Lisa,King,lkingko@360.cn,20
2014-09-18T14:38:08Z,facebook,Ukraine,Jeremy,Spencer,jspencerkp@eventbrite.com,32
2015-07-22T03:48:42Z,facebook,Argentina,Jean,Meyer,jmeyerkq@friendfeed.com,26
2014-07-31T16:50:44Z,facebook,Indonesia,Samuel,Cox,scoxkr@canalblog.com,18
2015-06-05T04:00:25Z,google,Colombia,Sharon,Hernandez,shernandezks@amazon.co.jp,43
2014-12-20T16:12:56Z,amazon,France,Kevin,Hamilton,khamiltonkt@live.com,45
2014-11-27T08:45:54Z,amazon,Finland,Carlos,Cooper,ccooperku@sogou.com,31
2015-01-16T10:35:17Z,apple,Iran,Sharon,Anderson,sandersonkv@joomla.org,32
2015-04-14T03:53:55Z,facebook,Colombia,Shawn,Ferguson,sfergusonkw@nymag.com,29
2014-11-11T20:51:49Z,google,Argentina,Joshua,Hansen,jhansenkx@opensource.org,52
2014-11-22T23:00:08Z,google,Spain,Christine,Gonzales,cgonzalesky@sciencedaily.com,51
2015-01-17T23:22:52Z,apple,China,Roy,Allen,rallenkz@miitbeian.gov.cn,32
2015-05-04T19:51:39Z,linkedin,Japan,Amy,Bell,abelll0@ebay.com,52
2015-05-17T14:53:36Z,apple,Indonesia,Cynthia,Dixon,cdixonl1@sogou.com,55
2014-10-10T06:24:55Z,apple,China,Carlos,Moore,cmoorel2@parallels.com,49
2014-09-12T03:05:31Z,google,Indonesia,Larry,Peterson,lpetersonl3@hibu.com,58
2015-07-22T18:08:12Z,linkedin,Botswana,Jessica,Marshall,jmarshalll4@walmart.com,26
2014-11-28T20:05:31Z,amazon,New Zealand,Norma,Burke,nburkel5@deviantart.com,48
2015-07-08T16:02:43Z,google,Maldives,Annie,West,awestl6@dell.com,52
2014-11-20T01:33:57Z,facebook,Russia,Shawn,Turner,sturnerl7@illinois.edu,53
2015-05-08T13:20:05Z,amazon,Portugal,Catherine,Murray,cmurrayl8@reverbnation.com,32
2015-01-21T01:45:57Z,google,Malaysia,Sean,Moore,smoorel9@msu.edu,58
2015-03-08T05:40:01Z,google,Poland,Teresa,Rivera,triverala@ovh.net,26
2015-05-07T03:15:48Z,apple,Portugal,Earl,Spencer,espencerlb@indiatimes.com,19
2014-08-20T21:42:20Z,facebook,Ukraine,Ashley,Thompson,athompsonlc@freewebs.com,54
2015-05-25T17:12:19Z,facebook,Norway,Harry,Carter,hcarterld@tinypic.com,19
2015-05-22T22:25:35Z,apple,Guatemala,Nicole,Johnston,njohnstonle@yolasite.com,27
2014-10-08T21:18:23Z,facebook,South Africa,Rebecca,Mitchell,rmitchelllf@miitbeian.gov.cn,24
2015-04-28T05:46:00Z,apple,China,Alice,Burns,aburnslg@ebay.com,53
2014-09-23T20:33:40Z,facebook,China,Stephanie,Owens,sowenslh@cdbaby.com,36
2014-08-04T11:04:32Z,amazon,Portugal,Eric,Nelson,enelsonli@uol.com.br,33
2014-11-11T19:57:35Z,google,Ivory Coast,Aaron,Jackson,ajacksonlj@opera.com,57
2015-02-04T19:37:34Z,facebook,Sri Lanka,Ryan,Morales,rmoraleslk@360.cn,56
2014-11-11T04:03:06Z,apple,Indonesia,Amy,Payne,apaynell@drupal.org,51
2015-07-15T00:01:00Z,facebook,China,Irene,Moreno,imorenolm@buzzfeed.com,42
2014-10-21T12:12:46Z,facebook,China,Harry,Larson,hlarsonln@amazon.co.jp,38
2015-02-18T08:04:48Z,apple,Philippines,Carol,Spencer,cspencerlo@intel.com,32
2014-09-04T02:46:59Z,apple,Sweden,Marilyn,Little,mlittlelp@google.ca,51
2015-01-05T06:23:29Z,apple,China,Janet,Robertson,jrobertsonlq@sina.com.cn,53
2014-10-28T21:46:41Z,apple,Russia,Amy,Carter,acarterlr@list-manage.com,49
2014-10-17T12:16:04Z,amazon,Cuba,Ernest,Grant,egrantls@surveymonkey.com,26
2014-11-04T02:32:03Z,facebook,East Timor,Louis,White,lwhitelt@studiopress.com,21
2014-11-05T17:36:43Z,amazon,Indonesia,Christine,Lynch,clynchlu@photobucket.com,49
2014-09-14T22:28:29Z,linkedin,Thailand,Amanda,Kelly,akellylv@shutterfly.com,58
2014-12-11T20:58:09Z,google,China,Linda,Thomas,lthomaslw@google.fr,42
2015-02-02T00:56:32Z,linkedin,Indonesia,Louise,Baker,lbakerlx@hostgator.com,56
2014-11-24T17:12:19Z,facebook,Costa Rica,Michelle,Anderson,mandersonly@spotify.com,19
2014-12-19T03:34:24Z,linkedin,Indonesia,Ryan,Knight,rknightlz@desdev.cn,22
2014-09-09T00:40:43Z,amazon,Honduras,Todd,Simmons,tsimmonsm0@newyorker.com,26
2014-09-11T11:46:17Z,google,Russia,Lisa,Williamson,lwilliamsonm1@nba.com,28
2015-05-07T03:15:46Z,apple,Indonesia,Virginia,Sims,vsimsm2@twitpic.com,33
2015-05-12T12:57:27Z,apple,Poland,Arthur,Kim,akimm3@flickr.com,41
2015-03-26T06:39:56Z,linkedin,France,Jacqueline,Collins,jcollinsm4@i2i.jp,30
2014-11-14T15:05:58Z,linkedin,Canada,John,Montgomery,jmontgomerym5@meetup.com,28
2014-08-15T21:05:09Z,google,Indonesia,Elizabeth,Knight,eknightm6@myspace.com,30
2015-04-01T17:34:03Z,amazon,Indonesia,Daniel,Duncan,dduncanm7@goo.gl,21
2015-06-03T00:58:36Z,apple,China,Aaron,George,ageorgem8@theatlantic.com,56
2015-01-08T18:57:40Z,linkedin,France,Kathy,Richards,krichardsm9@google.com.hk,18
2015-01-15T15:20:57Z,google,Russia,Mark,Mccoy,mmccoyma@msn.com,20
2015-05-12T03:57:47Z,linkedin,Philippines,Betty,Ward,bwardmb@businesswire.com,53
2014-12-03T00:44:25Z,google,China,Sara,Hamilton,shamiltonmc@clickbank.net,23
2015-04-01T21:47:12Z,facebook,Libya,Irene,Porter,iportermd@miitbeian.gov.cn,26
2014-08-02T16:38:49Z,linkedin,China,Margaret,Martin,mmartinme@tinyurl.com,23
2014-08-29T08:38:06Z,amazon,Japan,Diane,Campbell,dcampbellmf@quantcast.com,25
2015-07-04T00:37:20Z,facebook,Poland,Antonio,Gonzalez,agonzalezmg@walmart.com,35
2014-12-29T19:46:53Z,amazon,China,Fred,Knight,fknightmh@google.com.au,36
2015-01-27T23:21:09Z,facebook,Finland,Craig,Moore,cmooremi@over-blog.com,23
2015-07-17T11:05:49Z,linkedin,Luxembourg,Emily,Banks,ebanksmj@reference.com,59
2015-04-20T05:01:48Z,amazon,Portugal,Nicholas,Gutierrez,ngutierrezmk@vk.com,20
2015-07-30T15:14:49Z,google,Japan,Justin,Andrews,jandrewsml@addtoany.com,37
2014-12-30T13:08:49Z,apple,China,Wanda,Perkins,wperkinsmm@123-reg.co.uk,50
2015-02-27T22:27:40Z,linkedin,Colombia,Kevin,Wallace,kwallacemn@biblegateway.com,58
2014-11-12T16:29:53Z,facebook,Lithuania,Louise,Kelly,lkellymo@mayoclinic.com,27
2014-11-22T02:21:38Z,apple,Central African Republic,Joyce,Young,jyoungmp@hc360.com,30
2014-12-14T09:10:05Z,amazon,United States,Dennis,Owens,dowensmq@about.com,26
2015-03-10T11:22:10Z,linkedin,Armenia,Aaron,Dixon,adixonmr@nydailynews.com,35
2015-07-08T23:29:19Z,google,Ecuador,Diana,Kelly,dkellyms@bluehost.com,60
2014-08-21T23:38:54Z,linkedin,China,Thomas,Matthews,tmatthewsmt@miitbeian.gov.cn,21
2015-07-23T05:45:52Z,facebook,Japan,Shirley,Ross,srossmu@unc.edu,27
2015-05-21T08:41:01Z,linkedin,Vietnam,Janet,Alvarez,jalvarezmv@friendfeed.com,48
2015-04-20T19:34:27Z,apple,United States,Keith,Wheeler,kwheelermw@prnewswire.com,27
2014-11-29T05:22:55Z,google,China,Heather,Romero,hromeromx@cnbc.com,26
2014-10-06T03:24:55Z,linkedin,Portugal,Eric,Rogers,erogersmy@tripod.com,39
2015-01-19T18:45:50Z,amazon,Philippines,Richard,Matthews,rmatthewsmz@yellowpages.com,18
2014-12-27T01:19:03Z,apple,Portugal,Bonnie,Bennett,bbennettn0@hugedomains.com,34
2015-03-09T12:39:03Z,facebook,China,Betty,Richardson,brichardsonn1@redcross.org,20
2014-12-19T12:17:22Z,linkedin,Brazil,Roger,Alvarez,ralvarezn2@i2i.jp,43
2014-12-22T11:51:46Z,google,Indonesia,Denise,Young,dyoungn3@dmoz.org,41
2015-01-25T17:34:02Z,apple,Albania,Roy,Hernandez,rhernandezn4@hc360.com,25
2014-12-15T14:40:50Z,apple,Syria,Stephanie,James,sjamesn5@cmu.edu,46
2015-05-15T20:25:09Z,amazon,Indonesia,Jacqueline,Oliver,jolivern6@qq.com,36
2015-02-06T05:32:04Z,google,Philippines,Ryan,West,rwestn7@netvibes.com,25
2015-01-26T19:46:51Z,apple,Poland,Kelly,Dean,kdeann8@chron.com,54
2014-11-28T10:01:25Z,facebook,Russia,Amanda,Walker,awalkern9@stumbleupon.com,32
2015-02-14T05:58:27Z,linkedin,Canada,Betty,Gomez,bgomezna@bluehost.com,47
2014-10-21T02:32:41Z,google,Canada,Donna,Wilson,dwilsonnb@ftc.gov,39
2015-03-24T14:54:33Z,linkedin,Poland,Pamela,Richardson,prichardsonnc@unesco.org,59
2014-09-10T20:53:35Z,apple,China,Larry,Lee,lleend@wikimedia.org,59
2015-04-16T12:27:38Z,linkedin,Nigeria,Rebecca,Porter,rporterne@nps.gov,23
2015-04-19T21:51:08Z,google,Indonesia,Sean,Rose,srosenf@howstuffworks.com,26
2014-11-19T05:13:05Z,apple,Philippines,Pamela,Nguyen,pnguyenng@umn.edu,51
2015-06-09T17:53:41Z,amazon,Japan,Evelyn,Ford,efordnh@edublogs.org,37
2014-12-22T21:57:47Z,apple,Brazil,Melissa,Ellis,mellisni@google.pl,27
2014-09-24T18:29:52Z,facebook,Benin,Randy,White,rwhitenj@techcrunch.com,28
2015-07-26T17:13:55Z,linkedin,Finland,Lillian,Turner,lturnernk@blog.com,50
2014-10-11T10:14:42Z,apple,Poland,Sara,Cunningham,scunninghamnl@quantcast.com,52
2014-11-18T06:29:46Z,google,Thailand,Philip,Allen,pallennm@wikispaces.com,46
2014-08-18T07:24:02Z,amazon,China,Tina,Campbell,tcampbellnn@constantcontact.com,50
2014-10-25T19:00:53Z,facebook,China,Jimmy,Mcdonald,jmcdonaldno@statcounter.com,20
2015-02-10T05:34:04Z,linkedin,Portugal,Sandra,Little,slittlenp@topsy.com,23
2015-07-06T14:41:42Z,google,Indonesia,Lisa,Carpenter,lcarpenternq@nasa.gov,19
2014-12-30T03:46:17Z,apple,Portugal,Beverly,Baker,bbakernr@flavors.me,58
2014-08-04T09:57:46Z,linkedin,Ireland,Deborah,Austin,daustinns@tmall.com,24
2015-05-03T22:14:41Z,google,China,Eric,Mendoza,emendozant@ibm.com,27
2014-12-15T04:09:11Z,apple,Thailand,Eugene,Cooper,ecoopernu@gmpg.org,30
2014-11-19T12:29:11Z,facebook,Ukraine,Walter,Larson,wlarsonnv@dell.com,22
2014-09-24T03:14:35Z,facebook,Netherlands,Kimberly,Palmer,kpalmernw@npr.org,18
2015-01-28T20:56:02Z,facebook,Norway,Sara,King,skingnx@unesco.org,52
2015-02-11T04:49:47Z,apple,Portugal,Justin,Perry,jperryny@china.com.cn,34
2015-05-25T05:48:51Z,apple,Portugal,Adam,Cox,acoxnz@chron.com,38
2015-05-14T09:49:22Z,amazon,China,Pamela,Montgomery,pmontgomeryo0@xrea.com,58
2015-06-17T21:43:10Z,apple,Indonesia,Gregory,Hamilton,ghamiltono1@digg.com,34
2015-05-05T03:28:01Z,linkedin,Ukraine,Mary,Williamson,mwilliamsono2@examiner.com,38
2014-12-29T13:50:39Z,linkedin,Portugal,Julia,George,jgeorgeo3@mayoclinic.com,60
2014-10-10T10:37:44Z,linkedin,Philippines,Kimberly,Lynch,klyncho4@ca.gov,53
2014-09-01T06:48:14Z,google,Indonesia,Frances,Russell,frussello5@parallels.com,46
2014-11-22T12:06:24Z,facebook,Myanmar,Clarence,Stanley,cstanleyo6@digg.com,60
2014-08-21T08:31:44Z,amazon,Russia,Wayne,Marshall,wmarshallo7@clickbank.net,31
2015-05-03T14:12:33Z,google,China,Irene,Lewis,ilewiso8@cisco.com,39
2014-12-28T23:22:58Z,apple,China,Andrea,Bennett,abennetto9@hud.gov,41
2015-01-11T06:03:02Z,apple,Mexico,Norma,Brown,nbrownoa@epa.gov,18
2014-09-30T16:16:46Z,amazon,Colombia,Robin,Larson,rlarsonob@booking.com,39
2015-01-09T02:25:55Z,google,China,Steve,Morales,smoralesoc@samsung.com,29
2014-08-06T05:56:18Z,amazon,Indonesia,Johnny,Sanchez,jsanchezod@stumbleupon.com,43
2015-02-15T21:48:38Z,google,Spain,Judith,Rogers,jrogersoe@paypal.com,40
2015-01-23T01:08:06Z,facebook,France,Beverly,Hughes,bhughesof@hao123.com,27
2014-12-14T21:57:09Z,linkedin,Greece,Michael,Porter,mporterog@list-manage.com,22
2014-12-05T06:28:28Z,google,Ethiopia,Timothy,Burns,tburnsoh@java.com,44
2015-05-01T09:56:00Z,google,Russia,Nancy,Gilbert,ngilbertoi@globo.com,45
2014-11-21T06:25:09Z,amazon,Brazil,Annie,Ray,arayoj@dion.ne.jp,42
2015-01-29T06:04:19Z,amazon,Bulgaria,Alice,Castillo,acastillook@freewebs.com,29
2015-06-27T22:36:22Z,google,Syria,Michelle,Garza,mgarzaol@sphinn.com,41
2015-05-30T21:15:08Z,facebook,Armenia,Teresa,Bryant,tbryantom@bigcartel.com,36
2014-12-04T21:00:20Z,facebook,Albania,Anthony,Hayes,ahayeson@aol.com,51
2015-02-04T08:38:18Z,amazon,New Zealand,Kathryn,Watkins,kwatkinsoo@hao123.com,47
2015-06-10T22:31:00Z,apple,Brazil,Benjamin,Banks,bbanksop@upenn.edu,54
2014-10-15T03:28:17Z,google,Argentina,Kimberly,Morris,kmorrisoq@independent.co.uk,36
2015-01-29T05:52:41Z,apple,Indonesia,Pamela,Jackson,pjacksonor@dion.ne.jp,44
2015-07-30T12:12:33Z,linkedin,Russia,Julia,Howard,jhowardos@si.edu,47
2015-01-23T21:02:10Z,linkedin,Indonesia,John,Morrison,jmorrisonot@umich.edu,20
2014-09-24T10:45:12Z,google,Nepal,Marilyn,Ward,mwardou@npr.org,44
2015-03-09T13:43:52Z,google,Guatemala,Barbara,Robertson,brobertsonov@berkeley.edu,35
2014-09-17T10:10:21Z,facebook,China,Robin,Lopez,rlopezow@patch.com,41
2015-01-16T00:31:44Z,linkedin,Sweden,Laura,Mccoy,lmccoyox@kickstarter.com,49
2014-09-28T11:05:30Z,facebook,Latvia,Dorothy,Ruiz,druizoy@cyberchimps.com,58
2015-06-19T03:12:40Z,google,Sweden,Jerry,Burke,jburkeoz@npr.org,50
2015-03-16T04:37:59Z,facebook,United States,Shirley,Wood,swoodp0@archive.org,60
2014-09-06T12:51:58Z,amazon,Qatar,Evelyn,Scott,escottp1@liveinternet.ru,25
2015-01-24T08:07:23Z,linkedin,France,Brenda,Watson,bwatsonp2@liveinternet.ru,47
2015-05-01T07:03:05Z,facebook,Luxembourg,Joshua,Cox,jcoxp3@alibaba.com,21
2015-01-30T08:08:28Z,apple,China,Justin,Hill,jhillp4@forbes.com,58
2014-11-06T00:02:01Z,linkedin,China,Dorothy,Rice,dricep5@gmpg.org,55
2015-01-25T03:01:44Z,google,Tanzania,Harry,Cruz,hcruzp6@yelp.com,43
2014-12-13T12:23:21Z,linkedin,Russia,Jason,Reed,jreedp7@mapy.cz,33
2015-06-25T13:08:01Z,linkedin,Russia,Julie,Wells,jwellsp8@timesonline.co.uk,59
2014-10-08T10:12:10Z,linkedin,Armenia,Donna,Bishop,dbishopp9@cbc.ca,55
2014-08-17T01:03:19Z,facebook,Peru,Earl,Stone,estonepa@ca.gov,55
2015-03-23T22:38:38Z,linkedin,Mauritius,Lori,Cox,lcoxpb@chicagotribune.com,32
2015-04-06T01:23:50Z,linkedin,Mauritius,Shirley,Marshall,smarshallpc@ihg.com,41
2015-06-02T00:43:50Z,linkedin,Guatemala,Judith,Davis,jdavispd@accuweather.com,42
2014-10-26T21:55:50Z,facebook,Austria,Marie,Fox,mfoxpe@tripadvisor.com,26
2014-10-23T21:57:29Z,amazon,Russia,Michael,Harper,mharperpf@engadget.com,40
2015-03-19T20:04:50Z,apple,Russia,Lori,Dean,ldeanpg@cargocollective.com,35
2015-02-25T22:11:56Z,apple,United States,Brenda,Bishop,bbishopph@weebly.com,55
2015-04-10T20:40:22Z,facebook,Serbia,Ann,Nichols,anicholspi@apple.com,18
2015-02-20T23:47:58Z,amazon,Croatia,Jessica,Medina,jmedinapj@ezinearticles.com,31
2015-05-22T22:20:50Z,amazon,France,Debra,Mccoy,dmccoypk@theguardian.com,40
2014-08-04T19:15:50Z,amazon,Norway,Elizabeth,Price,epricepl@howstuffworks.com,20
2015-03-28T06:26:24Z,apple,United States,Roy,Cunningham,rcunninghampm@lulu.com,19
2015-03-08T01:07:30Z,google,Indonesia,Carl,Johnson,cjohnsonpn@pagesperso-orange.fr,54
2015-06-19T01:34:46Z,amazon,China,Christine,Lynch,clynchpo@qq.com,18
2015-05-12T20:30:30Z,amazon,Argentina,Gregory,Stanley,gstanleypp@yellowbook.com,18
2015-02-04T16:46:17Z,apple,Philippines,Diane,Harvey,dharveypq@dedecms.com,60
2015-07-13T06:39:34Z,google,China,Heather,Brown,hbrownpr@ucsd.edu,56
2015-02-05T17:16:43Z,google,United States,Daniel,Riley,drileyps@army.mil,55
2014-10-10T12:28:42Z,google,Russia,Victor,Weaver,vweaverpt@ca.gov,50
2014-08-15T13:25:33Z,linkedin,Kenya,Martha,Daniels,mdanielspu@dailymail.co.uk,41
2015-05-11T11:48:31Z,linkedin,China,Anne,Mcdonald,amcdonaldpv@mediafire.com,41
2015-06-22T00:04:38Z,linkedin,China,Virginia,Robertson,vrobertsonpw@examiner.com,20
2014-10-06T20:33:04Z,amazon,Sweden,Frances,Mason,fmasonpx@apple.com,37
2014-11-16T13:40:24Z,linkedin,Dominican Republic,Margaret,Franklin,mfranklinpy@senate.gov,46
2015-02-27T01:04:58Z,amazon,China,Patricia,Martinez,pmartinezpz@squidoo.com,19
2015-01-09T15:44:15Z,facebook,Japan,Ernest,Holmes,eholmesq0@tmall.com,48
2014-11-22T06:53:59Z,amazon,Philippines,Matthew,Hunter,mhunterq1@forbes.com,43
2015-05-11T03:11:02Z,google,France,Beverly,Hall,bhallq2@kickstarter.com,57
2015-07-10T21:04:34Z,linkedin,Portugal,Phyllis,Stone,pstoneq3@spotify.com,53
2015-01-25T08:01:49Z,facebook,China,Catherine,Frazier,cfrazierq4@dropbox.com,30
2014-09-05T16:19:01Z,apple,South Korea,Nicholas,Flores,nfloresq5@arstechnica.com,35
2015-02-20T09:19:37Z,amazon,Indonesia,Cynthia,Campbell,ccampbellq6@quantcast.com,33
2014-09-16T01:06:55Z,amazon,Thailand,Todd,Hall,thallq7@businesswire.com,38
2014-09-28T22:39:43Z,facebook,Thailand,Bonnie,Wheeler,bwheelerq8@cargocollective.com,30
2015-05-09T01:32:22Z,apple,Brazil,Ruby,Ramos,rramosq9@forbes.com,34
2014-12-04T01:03:37Z,google,Brazil,Douglas,Fernandez,dfernandezqa@salon.com,35
2015-04-22T05:24:16Z,facebook,Canada,Jose,Fowler,jfowlerqb@eepurl.com,44
2014-11-15T15:42:49Z,facebook,Bangladesh,Janet,Robinson,jrobinsonqc@blinklist.com,30
2014-12-14T17:30:27Z,google,Dominican Republic,Clarence,Hayes,chayesqd@omniture.com,20
2015-01-14T19:46:18Z,facebook,Namibia,Todd,Lee,tleeqe@harvard.edu,36
2015-04-26T13:07:40Z,apple,Cuba,Janet,Riley,jrileyqf@unblog.fr,47
2015-04-11T05:13:38Z,google,Germany,Raymond,Rose,rroseqg@reuters.com,37
2015-04-06T00:10:41Z,facebook,Honduras,Helen,Hawkins,hhawkinsqh@imageshack.us,32
2014-09-20T14:09:10Z,apple,Philippines,Lillian,Tucker,ltuckerqi@seattletimes.com,58
2014-08-12T11:34:30Z,facebook,Mexico,Rose,Perry,rperryqj@last.fm,46
2015-03-27T11:44:58Z,amazon,Indonesia,Kathryn,Stevens,kstevensqk@clickbank.net,21
2014-12-07T00:46:05Z,linkedin,China,Terry,Gomez,tgomezql@dedecms.com,42
2014-09-06T02:41:09Z,amazon,Peru,Nicole,Ryan,nryanqm@linkedin.com,53
2014-12-15T17:30:53Z,apple,Ukraine,Benjamin,Bell,bbellqn@wisc.edu,28
2015-05-27T17:37:01Z,google,Portugal,Jimmy,Bailey,jbaileyqo@nyu.edu,19
2015-06-25T09:02:51Z,linkedin,China,Jason,Mccoy,jmccoyqp@github.io,60
2014-12-11T11:12:09Z,google,Indonesia,Carl,George,cgeorgeqq@quantcast.com,30
2015-03-01T23:38:10Z,linkedin,Indonesia,Heather,Morgan,hmorganqr@myspace.com,30
2014-08-05T14:40:06Z,google,China,Jacqueline,Burke,jburkeqs@fastcompany.com,60
2014-07-31T22:31:25Z,amazon,Lithuania,Jesse,Fisher,jfisherqt@upenn.edu,59
2015-02-23T18:32:20Z,facebook,China,Andrea,Gibson,agibsonqu@amazon.co.jp,18
2014-08-05T10:13:38Z,google,China,Catherine,Martinez,cmartinezqv@pbs.org,23
2015-06-24T05:23:06Z,facebook,China,Martin,Little,mlittleqw@japanpost.jp,47
2015-06-09T00:11:11Z,apple,China,Donna,Johnston,djohnstonqx@upenn.edu,28
2014-11-17T17:59:47Z,google,China,Melissa,George,mgeorgeqy@github.com,28
2015-04-16T00:37:52Z,facebook,Philippines,Russell,Reed,rreedqz@wiley.com,34
2014-10-24T11:08:13Z,linkedin,Czech Republic,Harry,Young,hyoungr0@ehow.com,22
2015-01-25T23:37:06Z,facebook,Burkina Faso,Robin,Bryant,rbryantr1@bravesites.com,41
2015-06-12T17:18:57Z,apple,Philippines,Helen,Moreno,hmorenor2@berkeley.edu,48
2015-04-19T11:32:04Z,linkedin,Ghana,Bonnie,Bailey,bbaileyr3@icq.com,20
2015-06-02T01:01:48Z,linkedin,Serbia,Timothy,Howell,thowellr4@nydailynews.com,54
2015-04-14T09:07:15Z,linkedin,Indonesia,Ronald,Grant,rgrantr5@hugedomains.com,33
2015-03-30T00:42:34Z,facebook,Netherlands,Martin,Rogers,mrogersr6@spiegel.de,36
2015-04-20T17:04:32Z,apple,China,Benjamin,Morrison,bmorrisonr7@umn.edu,33
2015-07-15T14:27:27Z,linkedin,Russia,Marilyn,Fisher,mfisherr8@tuttocitta.it,44
2015-06-20T17:47:46Z,google,Philippines,Dennis,Lopez,dlopezr9@businessweek.com,50
2014-12-17T02:51:04Z,facebook,Indonesia,Lisa,Franklin,lfranklinra@clickbank.net,40
2015-07-28T02:39:53Z,apple,Czech Republic,Theresa,Mitchell,tmitchellrb@example.com,57
2014-09-09T09:40:23Z,amazon,Brazil,Alan,Fuller,afullerrc@barnesandnoble.com,34
2014-08-29T03:52:26Z,google,Gabon,Stephanie,Rivera,sriverard@sbwire.com,48
2015-05-10T08:27:56Z,linkedin,Brazil,Eugene,Ramirez,eramirezre@homestead.com,35
2014-09-10T14:08:56Z,amazon,Indonesia,Jimmy,Baker,jbakerrf@usatoday.com,34
2015-06-10T03:21:28Z,google,Indonesia,Ruby,Carter,rcarterrg@skyrock.com,18
2014-12-14T09:32:30Z,amazon,Indonesia,Bruce,Shaw,bshawrh@nasa.gov,43
2015-04-17T04:06:20Z,linkedin,Ghana,Roy,Clark,rclarkri@google.nl,24
2015-02-04T15:13:06Z,amazon,Iran,Marilyn,Cunningham,mcunninghamrj@wsj.com,34
2014-08-16T17:27:58Z,amazon,Philippines,Lori,Marshall,lmarshallrk@sbwire.com,22
2015-04-24T04:31:59Z,apple,China,Eugene,Garza,egarzarl@hatena.ne.jp,36
2014-09-26T03:14:41Z,facebook,China,Joshua,Wilson,jwilsonrm@usatoday.com,51
2015-07-07T21:16:45Z,apple,Sweden,Carol,Foster,cfosterrn@yellowbook.com,27
2014-09-24T06:23:37Z,google,Croatia,Julia,Peters,jpetersro@youku.com,49
2015-05-12T06:31:05Z,amazon,Indonesia,Judith,Hamilton,jhamiltonrp@csmonitor.com,52
2015-05-08T01:14:58Z,facebook,Sweden,Jennifer,Kelly,jkellyrq@google.nl,56
2015-04-28T18:02:29Z,facebook,Russia,Alice,Murphy,amurphyrr@studiopress.com,53
